ordering,kind,seed,preliminary,iter,cum_cost,ess,eff,eta,n_components
NO,protocol,11,false,0,96081.0,90.40730456203741,0.045203652281018705,0.0009409488302790085,9
NO,protocol,11,false,1,97102.0,414.62171667173214,0.20274900570744847,0.004269960625648619,17
NO,protocol,11,false,2,98179.0,924.6041733363874,0.43085003417352624,0.009417535046561763,25
NO,protocol,11,false,3,99369.0,195.0016874178706,0.08262783365164009,0.0019623996157541145,33
NO,protocol,11,false,4,100392.0,879.0557391492416,0.3652080345447618,0.008756232958295897,41
NO,protocol,11,false,5,101518.0,725.567764642644,0.28375743630920763,0.007147183402378337,49
NO,protocol,11,false,6,102614.0,1369.5225139503518,0.5115885371499259,0.013346351511005826,57
NO,protocol,11,false,7,103635.0,291.84251518560006,0.10721620690139605,0.002816061322773195,65
NO,protocol,11,false,8,104753.0,1290.1526615856762,0.4504722980396914,0.012316140459802356,73
NO,protocol,11,false,9,105811.0,928.899495214322,0.3153087220686768,0.00877885565030405,81
NO,protocol,11,false,10,106858.0,1089.2024595320577,0.36102169689494784,0.010192989383406556,89
NO,protocol,11,false,11,107888.0,1705.4085519526363,0.5553267834427341,0.01580721259039593,97
NO,protocol,11,false,12,108965.0,1816.199287350071,0.5725722847887992,0.016667730806681696,105
NO,protocol,11,false,13,109999.0,1589.7743771686992,0.4921902096497521,0.01445262572540386,113
NO,protocol,11,false,14,110980.0,1887.2390128488482,0.5833814568311741,0.017005217272020617,121
NO,protocol,11,false,15,112144.0,1843.4896844852885,0.5385596507406627,0.016438593990630693,129
NO,protocol,11,false,16,113205.0,1996.6282971842013,0.569164280839282,0.017637280130596716,137
NO,protocol,11,false,17,114363.0,1953.4773286510172,0.5293976500409261,0.017081375345618925,145
NO,protocol,11,false,18,115398.0,1892.9137802017462,0.5049116511607752,0.01640334997315158,153
NO,protocol,11,false,19,116482.0,2224.7166094109416,0.5767997431711023,0.019099230863231585,161
NO,protocol,11,false,20,117567.0,2275.831879529363,0.5738355722464354,0.01935774392073765,169
NO,protocol,23,false,0,96081.0,109.73303076286824,0.05486651538143412,0.0011420887663832417,9
NO,protocol,23,false,1,97230.0,516.8174889021614,0.23783593598810923,0.005315411795764284,17
NO,protocol,23,false,2,98482.0,594.9240178267715,0.24292528290190754,0.006040941672861757,25
NO,protocol,23,false,3,99528.0,57.2959185551271,0.022745501609816237,0.0005756763780556939,33
NO,protocol,23,false,4,100597.0,697.6853431689045,0.2671077117798256,0.006935448802339081,41
NO,protocol,23,false,5,101582.0,1059.878693226733,0.4043795090525498,0.010433725396494783,49
NO,protocol,23,false,6,102672.0,772.9719641855004,0.28262229037861075,0.0075285566092556915,57
NO,protocol,23,false,7,103868.0,1309.6194228312384,0.44318762193950534,0.012608497543336141,65
NO,protocol,23,false,8,104917.0,1252.0840214814723,0.413501988600222,0.01193404330548407,73
NO,protocol,23,false,9,105947.0,781.0109287763914,0.253410424651652,0.007371713486709312,81
NO,protocol,23,false,10,106991.0,1544.1594642837183,0.49020935374086294,0.014432610820384129,89
NO,protocol,23,false,11,108283.0,1445.7028002792167,0.4171098673627284,0.013351152076311303,97
NO,protocol,23,false,12,109420.0,1764.2409197795066,0.48641878130121496,0.01612356899816767,105
NO,protocol,23,false,13,110422.0,1839.37455075626,0.5035243774312237,0.01665768189994983,113
NO,protocol,23,false,14,111460.0,1803.3444173117725,0.48542245418890245,0.016179296763967097,121
NO,protocol,23,false,15,112471.0,1958.50248046353,0.522267328123608,0.01741339972493825,129
NO,protocol,23,false,16,113481.0,1997.7182426130448,0.5279382247920309,0.01760398870835686,137
NO,protocol,23,false,17,114603.0,1993.1763739812338,0.5071695608094743,0.017392008708159767,145
NO,protocol,23,false,18,115659.0,2105.165924802514,0.524979033616587,0.018201488209326676,153
NO,protocol,23,false,19,116682.0,1857.6063771566296,0.4578768491882252,0.0159202480001768,161
NO,protocol,23,false,20,117693.0,2191.018014525546,0.5354393974891363,0.01861638342573939,169
NO,protocol,41,false,0,96081.0,404.9769582392684,0.20248847911963422,0.004214953614546772,9
NO,protocol,41,false,1,97576.0,798.5375998308898,0.31700579588364025,0.008183750100751105,17
NO,protocol,41,false,2,98590.0,997.4469341633813,0.3900848393286591,0.01011712074412599,25
NO,protocol,41,false,3,99598.0,1108.8554108522453,0.4282948670730959,0.011133310014781876,33
NO,protocol,41,false,4,100650.0,1164.0468633237333,0.43679056785130704,0.01156529422080212,41
NO,protocol,41,false,5,101755.0,1209.9841092509346,0.4330651786868055,0.011891151385690479,49
NO,protocol,41,false,6,103048.0,1405.6000225859932,0.4518161435506246,0.013640245541747469,57
NO,protocol,41,false,7,104047.0,1155.0794727856887,0.36856396706626954,0.011101516360737827,65
NO,protocol,41,false,8,105063.0,1568.7596731271053,0.49425320514401555,0.01493160934988631,73
NO,protocol,41,false,9,106163.0,425.74521929491067,0.12909194035624943,0.004010297554655678,81
NO,protocol,41,false,10,107216.0,1717.6420730958373,0.5089309846209888,0.016020389429710465,89
NO,protocol,41,false,11,108289.0,1757.8006265516067,0.5062789823017301,0.016232494773722232,97
NO,protocol,41,false,12,109319.0,1727.4653670626979,0.48992211204273906,0.015802059724866657,105
NO,protocol,41,false,13,110325.0,1832.1630629752894,0.515231457529609,0.01660696182166589,113
NO,protocol,41,false,14,111462.0,1714.4904519556258,0.4612565111529798,0.015381838222493996,121
NO,protocol,41,false,15,112657.0,1899.893112433796,0.4826964208419197,0.016864403565102888,129
NO,protocol,41,false,16,113812.0,1944.485937934993,0.4725360724021854,0.017085069570300083,137
NO,protocol,41,false,17,115052.0,2047.2226454677684,0.4675091677249985,0.017793890114624417,145
NO,protocol,41,false,18,116061.0,2309.173015563734,0.5233846363471746,0.019896201269709327,153
NO,protocol,41,false,19,117211.0,1556.787042939058,0.33946512057109857,0.013281919298863229,161
NO,protocol,41,false,20,118203.0,2232.179578460079,0.4850455407344805,0.01888428871060869,169
NO,long,11,false,0,96081.0,45.24775588383625,0.022623877941918124,0.0004709334403663185,9
NO,long,11,false,1,97136.0,48.00835531204993,0.02309204199713801,0.0004942385450507528,17
NO,long,11,false,2,98232.0,856.919004881787,0.38968576847739295,0.008723420116477186,25
NO,long,11,false,3,99280.0,953.2515042949184,0.41974967164021065,0.009601646900633747,33
NO,long,11,false,4,100295.0,1099.7654326799723,0.4760889318960919,0.010965306672116978,41
NO,long,11,false,5,101325.0,909.1353533900062,0.384575022584605,0.008972468328546817,49
NO,long,11,false,6,102388.0,938.0503093695371,0.38272146445105554,0.00916172119163903,57
NO,long,11,false,7,103611.0,488.1529454566716,0.18093141047319183,0.004711400772665755,65
NO,long,11,false,8,104642.0,809.7303162527134,0.29412652243106185,0.007738100535661717,73
NO,long,11,false,9,105693.0,1433.9454598880193,0.5070528500311242,0.013567080694918484,81
NO,long,11,false,10,106800.0,1435.0166514503476,0.4849667629098843,0.01343648550047142,89
NO,long,11,false,11,107894.0,1296.3304709242807,0.42129687062862553,0.012014852270972256,97
NO,long,11,false,12,109000.0,1388.6025281165737,0.432991121957148,0.012739472735014438,105
NO,long,11,false,13,110219.0,1782.2385511456766,0.5165908843900512,0.01616997569516759,113
NO,long,11,false,14,111333.0,1900.4499481868547,0.5296683244667933,0.01706996082192032,121
NO,long,11,false,15,112558.0,1995.6383626729607,0.5201038213898777,0.017729866936805564,129
NO,long,11,false,16,113678.0,2016.1449915915348,0.5064418466695642,0.017735577610369067,137
NO,long,11,false,17,114729.0,2199.9372291363875,0.5423908355858944,0.019175075431114953,145
NO,long,11,false,18,115933.0,2235.0564148651606,0.5217218522094212,0.01927886291966188,153
NO,long,11,false,19,116973.0,2273.016471524378,0.5227728775355056,0.01943197551165122,161
NO,long,11,false,20,117968.0,2371.6173082693986,0.5430770112822071,0.020103903671075195,169
NO,long,11,false,21,119027.0,2425.7945037310224,0.5451223603889938,0.020380203682618416,177
NO,long,11,false,22,120127.0,2406.3655193621807,0.5260965280634413,0.020031845624732,185
NO,long,11,false,23,121193.0,2404.4299438470466,0.5155295762965366,0.019839676745744775,193
NO,long,11,false,24,122346.0,2590.2050459133347,0.5350557830847624,0.02117114614219782,201
NO,long,11,false,25,123411.0,2661.2614929990555,0.5398096334683683,0.021564216261103594,209
NO,long,11,false,26,124575.0,2671.5827149527972,0.5219974042502534,0.021445576680335518,217
NO,long,11,false,27,125667.0,2841.4875049297843,0.5428902378543723,0.02261124642849582,225
NO,long,11,false,28,126693.0,2875.4284858595493,0.5441764734783401,0.0226960328183842,233
NO,long,11,false,29,127780.0,2943.235780270679,0.5455488007915994,0.023033618565273743,241
NO,long,11,false,30,128839.0,2971.2272258569283,0.5423927027851275,0.023061551439059046,249
NO,long,11,false,31,130028.0,3159.4980662495973,0.5551744976716917,0.024298597734715578,257
NO,long,11,false,32,131287.0,2946.4315510156193,0.4932091648837662,0.022442675596331847,265
NO,long,11,false,33,132381.0,3306.6021150030415,0.5427777601777809,0.02497792066084288,273
NO,long,11,false,34,133451.0,2682.3934672078594,0.433623256903954,0.020100212566469038,281
NO,long,11,false,35,134526.0,3219.880118244786,0.5123118724335379,0.02393500229133986,289
NO,long,11,false,36,135582.0,3509.6209858210386,0.5513937134047193,0.025885596803565655,297
NO,long,11,false,37,136633.0,3327.437204552721,0.5166827957380001,0.024353100675186236,305
NO,long,11,false,38,137668.0,3588.427612942658,0.5521507328731586,0.02606580768909738,313
NO,long,11,false,39,138753.0,3655.283146947347,0.5531602825283516,0.026343813445095583,321
NO,long,11,false,40,139900.0,3760.0233092224403,0.5546575172182387,0.02687650685648635,329
NO,long,11,false,41,141082.0,3865.6477382425746,0.5534212939502612,0.027400006650335085,337
NO,long,11,false,42,142255.0,3990.4579806430083,0.5556193233978012,0.028051442695462434,345
NO,long,11,false,43,143334.0,4039.6569428004464,0.5545170820590867,0.02818352200315659,353
NO,long,11,false,44,144614.0,4008.9594268840337,0.5282592471846137,0.027721793373283593,361
NO,long,11,false,45,145766.0,4216.747557585923,0.5430454034238149,0.02892819695666975,369
NO,long,11,false,46,146890.0,4260.55069461042,0.5384242000013167,0.029005042512154806,377
NO,long,11,false,47,147931.0,4273.203840701347,0.5356234445602089,0.028886466262658585,385
NO,long,11,false,48,149032.0,4338.647311151638,0.5354371604531208,0.029112186048309344,393
NO,long,11,false,49,150211.0,4467.268916834779,0.5378363733246784,0.02973995857050934,401
NO,long,11,false,50,151258.0,4514.38989182547,0.5389029356363221,0.029845627284675654,409
NO,long,11,false,51,152515.0,4680.0595191671755,0.5405474150112238,0.030685896594873786,417
NO,long,11,false,52,153704.0,4754.236206347168,0.5359301326059258,0.030931115692156147,425
NO,long,11,false,53,154811.0,4848.8701001573045,0.5386436458739507,0.03132122459100002,433
NO,long,11,false,54,156080.0,4932.763836911175,0.5306900308672592,0.03160407378851342,441
NO,long,11,false,55,157132.0,4981.017178781233,0.5315352874593142,0.031699572199050695,449
NO,long,11,false,56,158317.0,5090.5221112521285,0.5313697402142097,0.03215398290298659,457
NO,long,11,false,57,159496.0,5186.99550585445,0.5302049990651589,0.032521163576857415,465
NO,long,11,false,58,160763.0,5364.802204796288,0.5325394287071955,0.03337087641308192,473
NO,long,11,false,59,161876.0,5427.528079989045,0.5315373695024038,0.03352892386758411,481
NO,long,11,false,60,163098.0,5540.438534363726,0.529830595234171,0.03396999677717523,489
NO,long,11,false,61,164279.0,5651.9621848523,0.5301033750564904,0.034404654184967645,497
NO,long,11,false,62,165351.0,5721.212235388029,0.5318100237393594,0.0346004090413002,505
NO,long,11,false,63,166623.0,5826.468437748601,0.5270914092408722,0.034967972235217235,513
NO,long,11,false,64,167663.0,5860.584984182763,0.5271258305615005,0.03495455159565774,521
NO,long,11,false,65,168829.0,5973.797262589253,0.5282806210284093,0.0353837152538323,529
NO,long,11,false,66,169932.0,6056.210300462403,0.5296204897649675,0.03563902208214111,537
NO,long,11,false,67,171118.0,6093.659964588969,0.5232855272296238,0.03561086481018343,545
NO,long,11,false,68,172281.0,6227.084399483365,0.5262917849461938,0.03614492834081161,553
NO,long,11,false,69,173501.0,5885.463511341945,0.48736862465567615,0.03392178437785341,561
NO,long,11,false,70,174631.0,6432.954420589176,0.525997908470088,0.03683741386460122,569
NO,long,11,false,71,175807.0,6505.705990924007,0.5233874489882547,0.037004817731512436,577
NO,long,11,false,72,177115.0,6683.3790142210455,0.523693701161342,0.03773468658341216,585
NO,long,11,false,73,178256.0,6678.535062227983,0.5166345681308875,0.037465976248922804,593
NO,long,11,false,74,179320.0,6817.75075545878,0.5238379374151964,0.038020024288750724,601
NO,long,11,false,75,180479.0,6920.175205682827,0.524335142118717,0.038343381809976936,609
NO,long,11,false,76,181906.0,7011.838280492732,0.5137254216787114,0.03854649258679061,617
NO,long,11,false,77,183176.0,7149.3851965512595,0.5127580288712085,0.03903014148442623,625
NO,long,11,false,78,184289.0,7219.48045129309,0.5127471911429751,0.039174776852080644,633
NO,long,11,false,79,185620.0,7363.094412370445,0.5100862079924104,0.03966757037156796,641
NO,long,11,false,80,186878.0,7524.4969828317135,0.5112792677061706,0.04026422041562792,649
NO,long,11,false,81,188188.0,7709.379899163996,0.5122171217303831,0.04096637351565454,657
NO,long,11,false,82,189442.0,7858.4261932653735,0.5126509356947859,0.04148196383729782,665
NO,long,11,false,83,190702.0,8023.364556472358,0.5138899991335655,0.042072786632926545,673
NO,long,11,false,84,191720.0,8051.86404594124,0.514331781918955,0.041998039046219696,681
NO,long,11,false,85,192866.0,8145.475648082554,0.5147219998788344,0.04223386002759716,689
NO,long,11,false,86,194082.0,8312.085378893951,0.5174033849295955,0.04282769849287389,697
NO,long,11,false,87,195389.0,8484.167178087495,0.5174534751212183,0.04342192845087234,705
NO,long,11,false,88,196463.0,8545.613187011211,0.5181043523106106,0.043497315967949236,713
NO,long,11,false,89,197768.0,8707.014973759224,0.5175661281435667,0.04402640959993135,721
NO,long,11,false,90,199063.0,8824.448141971465,0.5147852142090459,0.044329926415112124,729
NO,long,11,false,91,200095.0,8861.731474147959,0.515276862085589,0.044287620750883126,737
NO,long,11,false,92,201346.0,8997.915149530023,0.5149610913712598,0.044688819989123316,745
NO,long,11,false,93,202425.0,9055.640026154122,0.5152275845558786,0.04473577881266702,753
NO,long,11,false,94,203681.0,9204.726831950515,0.515497694441673,0.04519187765157533,761
NO,long,11,false,95,204790.0,9273.181407404883,0.5154917676026952,0.04528141709753837,769
NO,long,11,false,96,206024.0,9410.964429605532,0.5157540653041888,0.04567897152567435,777
NO,long,11,false,97,207331.0,9605.789517728588,0.5170518633721923,0.046330695929352524,785
NO,long,11,false,98,208548.0,9763.155599324014,0.5187924756535424,0.04681490879473318,793
NO,long,11,false,99,209869.0,10010.002065271603,0.5223336498263204,0.04769642998857193,801
NO,long,11,false,100,211452.0,10323.517774821403,0.5221545584351527,0.04882203892524735,809
NO,long,11,false,101,212972.0,10695.890830023314,0.5265021329078668,0.05022205186608246,817
NO,long,11,false,102,214438.0,10919.583074968205,0.5248537887511754,0.050921865877168244,825
NO,long,11,false,103,215613.0,11011.164548407145,0.5242413134834862,0.05106911247655357,833
NO,long,11,false,104,216703.0,11074.507034661727,0.524410788647681,0.05110453955257531,841
NO,long,11,false,105,217940.0,11218.948338098242,0.5247648785302512,0.05147723381709756,849
NO,long,11,false,106,219249.0,11398.618658970025,0.5249916478891868,0.051989375819137255,857
NO,long,11,false,107,220310.0,11459.31654793307,0.5257290704194646,0.0520145093183835,865
NO,long,11,false,108,221499.0,11574.509892244081,0.5258750518965961,0.05225535958286079,873
NO,long,11,false,109,223114.0,11965.170896227944,0.5282869396541986,0.053628059629731634,881
NO,long,11,false,110,224206.0,12056.97013165938,0.5296275041361467,0.05377630452199932,889
NO,long,11,false,111,225402.0,12195.621383917674,0.5305904452433184,0.05410609215498387,897
NO,long,11,false,112,226648.0,12415.060622663004,0.5338662920947325,0.05477683731011526,905
NO,long,11,false,113,228122.0,12766.247834312984,0.537458335128741,0.05596237028569355,913
NO,long,11,false,114,229316.0,12916.51961269052,0.5388394148216812,0.0563262904144958,921
NO,long,11,false,115,230560.0,13068.450872204228,0.5391497533810895,0.0566813448655631,929
NO,long,11,false,116,231977.0,13233.771880965962,0.536214419812235,0.057047775775037876,937
NO,long,11,false,117,233400.0,13558.672637551324,0.5396057085028585,0.05809199930399025,945
NO,long,11,false,118,234635.0,13713.652531577745,0.5402053309531926,0.05844674720982695,953
NO,long,11,false,119,235897.0,13866.204459110368,0.5401294974723577,0.05878075795415104,961
NO,long,11,false,120,237399.0,14179.716406483067,0.541251866802163,0.05972946982288496,969
NO,long,11,false,121,238769.0,14436.887030463184,0.5429033931431703,0.06046382499597177,977
NO,long,11,false,122,240302.0,14818.968746614262,0.545838474588908,0.06166810407992552,985
NO,long,11,false,123,241737.0,14917.811811507334,0.5403438065599585,0.0617109164567581,993
NO,long,11,false,124,243029.0,15137.02316068592,0.5420793282010429,0.06228484321083459,1001
NO,long,11,false,125,244484.0,15420.75281370811,0.5429269025704365,0.06307469124240486,1009
NO,long,11,false,126,245848.0,15678.980739764102,0.5445792344748047,0.06377509981681405,1017
NO,long,11,false,127,247201.0,15962.065255284631,0.5472457918021335,0.06457120017833516,1025
NO,long,11,false,128,248665.0,16150.844361618638,0.5446062975997652,0.06495021157629195,1033
NO,long,11,false,129,250122.0,16455.85446710937,0.5460349227563914,0.06579131170832382,1041
NO,long,11,false,130,251389.0,16642.780512594873,0.5469561099183277,0.06620329653483197,1049
NO,long,11,false,131,253096.0,17082.967806503653,0.5482514781123802,0.06749600075269326,1057
NO,long,11,false,132,254408.0,17330.072091996408,0.5502483598030293,0.06811921044934281,1065
NO,long,11,false,133,255713.0,17540.572536472206,0.551174350693571,0.06859476263026207,1073
NO,long,11,false,134,256964.0,17735.558500941577,0.5525268232948558,0.06901962337503144,1081
NO,long,11,false,135,258416.0,18161.253750331227,0.5575212202711044,0.07027913809644615,1089
NO,long,11,false,136,259871.0,18633.15576115248,0.5637186349958395,0.07170155870086498,1097
NO,long,11,false,137,261340.0,18930.860975454023,0.5643086110666833,0.07243767113895318,1105
NO,long,11,false,138,262720.0,19067.75444927241,0.5616257090887575,0.07257823709375917,1113
NO,long,11,false,139,264040.0,19314.509437450637,0.5631873286907898,0.07314993727257475,1121
NO,long,11,false,140,265555.0,19601.926516658496,0.5627239626990439,0.07381494047055599,1129
NO,long,11,false,141,267016.0,19820.780101727058,0.561193128393416,0.07423068318650215,1137
NO,long,11,false,142,268546.0,20037.898434243267,0.5585788318301582,0.0746162610288117,1145
NO,long,11,false,143,270121.0,20473.26324047568,0.5613419401314894,0.0757929344274443,1153
NO,long,11,false,144,271704.0,20738.317921404763,0.5593008959628027,0.07632687748949137,1161
NO,long,11,false,145,273020.0,21050.453346950762,0.5625605533806559,0.0771022392020759,1169
NO,long,11,false,146,274629.0,21458.56245126548,0.5639273218560255,0.07813654949501138,1177
NO,long,11,false,147,276075.0,21699.40640916564,0.5632990605151768,0.07859967910591557,1185
NO,long,11,false,148,277504.0,21998.053243012684,0.5644144513922433,0.07927112129199104,1193
NO,long,11,false,149,279036.0,22462.766334218642,0.5682316747418138,0.08050132002400637,1201
NO,long,11,false,150,280443.0,22739.935564036066,0.5690389761282235,0.0810857663198442,1209
NO,long,11,false,151,281876.0,22991.006181787176,0.5688167985795585,0.08156425584933508,1217
NO,long,11,false,152,283252.0,23344.03436143796,0.5718913829696455,0.08241436728227147,1225
NO,long,11,false,153,284762.0,23538.892378171226,0.5692184938981749,0.08266163455155964,1233
NO,long,11,false,154,286260.0,23880.85645932055,0.5702891094763116,0.08342365842003964,1241
NO,long,11,false,155,287628.0,24162.098930303335,0.5716539837297024,0.08400468289006402,1249
NO,long,11,false,156,289083.0,24462.879272017057,0.5722846411831998,0.0846223377784825,1257
NO,long,11,false,157,290595.0,24808.308992917533,0.573178434289486,0.08537073587954896,1265
NO,long,11,false,158,292287.0,25339.32485132024,0.5759199247993145,0.08669330093818829,1273
NO,long,11,false,159,293379.0,25420.36684554643,0.5762426178887978,0.08664685217942125,1281
NO,long,11,false,160,294914.0,25592.76910463514,0.5728912117976214,0.08678044821417477,1289
NO,long,11,false,161,296268.0,25988.89941608788,0.576877303857581,0.08772091287647629,1297
NO,long,11,false,162,297809.0,26351.449472318443,0.5776799691406183,0.08848439594612131,1305
NO,long,11,false,163,299157.0,26537.453107383735,0.5770516897317504,0.08870744494490763,1313
NO,long,11,false,164,300713.0,26815.99916221626,0.5758460565670903,0.08917472527697924,1321
NO,long,11,false,165,302232.0,27148.964098722907,0.5762765404836006,0.08982822500173016,1329
NO,long,11,false,166,303745.0,27453.00902185754,0.576162882426493,0.09038176438083767,1337
NO,long,11,false,167,305278.0,27768.12234335195,0.576042367873705,0.09096011616740136,1345
NO,long,11,false,168,306687.0,28029.754667811234,0.5762933234880389,0.09139531401008597,1353
NO,long,11,false,169,308126.0,28324.18410048071,0.576855544703381,0.09192403140429795,1361
NO,long,11,false,170,309457.0,28500.279665822036,0.576275470434771,0.09209770554817644,1369
NO,long,11,false,171,310828.0,28636.684971818213,0.5744455471669216,0.09213032600608122,1377
NO,long,11,false,172,312056.0,28845.51131359297,0.5757242343491003,0.09243697065139901,1385
NO,long,11,false,173,313439.0,29177.57166702982,0.5776593083949677,0.09308851695873781,1393
NO,long,11,false,174,314995.0,29614.074368692418,0.5796452215441851,0.09401442679627428,1401
NO,long,11,false,175,316246.0,29845.643821338905,0.5810502058082139,0.09437477097366893,1409
NO,long,11,false,176,317910.0,30159.765981727836,0.5794049522933902,0.09486888107240363,1417
NO,long,11,false,177,319394.0,30521.002446095343,0.5806777353188741,0.09555909768528946,1425
NO,long,11,false,178,321030.0,30993.88569542265,0.5823619566603906,0.09654513813482432,1433
NO,long,11,false,179,322419.0,31309.629437003463,0.5837645791289753,0.09710851233023941,1441
NO,long,11,false,180,323760.0,31524.410179897437,0.5837961847422626,0.0973696879784329,1449
NO,long,11,false,181,325134.0,31832.917236288184,0.5851961916335126,0.09790706981210265,1457
NO,long,11,false,182,326483.0,32028.99536531025,0.5847908593264607,0.09810310296496372,1465
NO,long,11,false,183,327912.0,32355.79949247763,0.5859116580496827,0.09867220319011695,1473
NO,long,11,false,184,329325.0,32649.995214332546,0.5865971112887629,0.09914217024013526,1481
NO,long,11,false,185,330824.0,32895.21614612365,0.5855012396298461,0.09943418901326279,1489
NO,long,11,false,186,332116.0,33067.29717048771,0.5852722556237758,0.09956550473475446,1497
NO,long,11,false,187,333568.0,33351.80514354808,0.5853761324010194,0.0999850259723597,1505
NO,long,11,false,188,334873.0,33569.330741142796,0.5858113001037065,0.1002449607497254,1513
NO,long,11,false,189,336290.0,33842.714332561554,0.5860717695482129,0.10063550605894185,1521
NO,long,11,false,190,337537.0,34043.727961232966,0.5867989513450249,0.10085924790832698,1529
NO,long,11,false,191,339102.0,34382.913593047175,0.586689081017783,0.10139401593929606,1537
NO,long,11,false,192,340778.0,34771.26655318645,0.5863125630753975,0.10203495106252883,1545
NO,long,11,false,193,342213.0,35150.00227209188,0.5881467484119517,0.10271381353745147,1553
NO,long,11,false,194,343625.0,35384.69153702817,0.5877855737047869,0.10297472982765564,1561
NO,long,11,false,195,344917.0,35625.432713326205,0.5886944397072874,0.10328697255666205,1569
NO,long,11,false,196,346268.0,35848.61161084421,0.5887341579353962,0.10352851436125836,1577
NO,long,11,false,197,347576.0,36121.99607500197,0.5900069593943774,0.1039254611221775,1585
NO,long,11,false,198,349070.0,36494.47841762933,0.5910898498182623,0.10454773660764126,1593
NO,long,11,false,199,350395.0,36729.01265477246,0.5915447359441529,0.10482173733863913,1601
NO,long,11,false,200,351689.0,36936.40008398227,0.5918536098574264,0.10502574741883389,1609
NO,long,11,false,201,353038.0,37248.20499458442,0.5933037860910851,0.10550763655636056,1617
NO,long,11,false,202,354534.0,37625.78660882078,0.5943948217061465,0.10612744224480807,1625
NO,long,11,false,203,356009.0,37943.29872819796,0.594722550598714,0.10657960537008322,1633
NO,long,11,false,204,357556.0,38372.25380077201,0.5961108853485577,0.10731816498890245,1641
NO,long,11,false,205,359096.0,38730.602717579066,0.5964518783025959,0.1078558455610173,1649
NO,long,11,false,206,360644.0,39163.43676341643,0.5978511725985991,0.10859306341826408,1657
NO,long,11,false,207,361972.0,39446.5305470406,0.598954289421956,0.10897674556883019,1665
NO,long,11,false,208,363261.0,39668.65367734062,0.5994779314111802,0.10920152088261778,1673
NO,long,11,false,209,364744.0,39965.693939916535,0.5993745248116579,0.10957190232030282,1681
NO,long,11,false,210,365896.0,40095.74142687813,0.5997418506750151,0.10958234423682721,1689
NO,long,11,false,211,366987.0,40184.730028504666,0.6000407649470608,0.10949905590253788,1697
NO,long,11,false,212,368275.0,40465.86164523645,0.6014366642673591,0.109879469541067,1705
NO,long,11,false,213,369798.0,40705.1050589268,0.6001135953489923,0.11007389185156977,1713
NO,long,11,false,214,371313.0,41092.39093403444,0.6010471409728885,0.1106677949170496,1721
NO,long,11,false,215,372745.0,41383.69249105771,0.6012974033920974,0.11102413846210601,1729
NO,long,11,false,216,374399.0,41870.94109994336,0.6024422477042871,0.11183507728370899,1737
NO,long,11,false,217,375910.0,42147.29229494129,0.6017860887094149,0.11212069988811495,1745
NO,long,11,false,218,377548.0,42524.736638421906,0.6014899310941019,0.11263398730339429,1753
NO,long,11,false,219,379223.0,42926.326580403205,0.6012258968094794,0.1131954722693592,1761
NO,long,11,false,220,380690.0,43096.25581459536,0.599483311975342,0.11320564189917087,1769
NO,long,11,false,221,382252.0,43340.5186473992,0.5980064663318275,0.11338205855665687,1777
NO,long,11,false,222,383785.0,43674.153152148705,0.5980139274858789,0.11379848913362613,1785
NO,long,11,false,223,385068.0,43813.014897051136,0.597404040102144,0.11377994249600366,1793
NO,long,11,false,224,386464.0,44007.76578936798,0.5966426577009989,0.1138728724780781,1801
NO,long,11,false,225,388047.0,44356.28774703973,0.5964592387252202,0.11430648284109844,1809
NO,long,11,false,226,389587.0,44686.11765841486,0.5963715155266898,0.11470125455524662,1817
NO,long,11,false,227,391115.0,45085.189511148346,0.5972972299508273,0.1152734860875915,1825
NO,long,11,false,228,392609.0,45521.94886084015,0.5989730113268441,0.11594728816924765,1833
NO,long,11,false,229,393911.0,45717.404042016686,0.5989755003801678,0.11606023706374456,1841
NO,long,11,false,230,395404.0,46005.44816934968,0.5986940667250066,0.11635048752503686,1849
NO,long,11,false,231,396758.0,46169.77321391681,0.5978914183177737,0.11636759237095864,1857
NO,long,11,false,232,398063.0,46305.296020167734,0.5971024631872048,0.11632655137545497,1865
NO,long,11,false,233,399567.0,46591.37244964513,0.5967285592567065,0.11660465566386898,1873
NO,long,11,false,234,401094.0,46900.122703772744,0.5964736001192021,0.11693050183690791,1881
NO,long,11,false,235,402572.0,47152.25883353942,0.5958759377935249,0.11712751714858316,1889
NO,long,11,false,236,403978.0,47350.7987332703,0.5951508745901924,0.1172113301547864,1897
NO,long,11,false,237,405380.0,47601.856144891855,0.5951199087963276,0.11742527047434964,1905
NO,long,11,false,238,406892.0,47946.3921437024,0.5954372308992759,0.11783567173525751,1913
NO,long,11,false,239,408470.0,48417.83232332794,0.5968299824139037,0.11853461043241349,1921
NO,long,11,false,240,410031.0,48799.488453580336,0.5972278601588586,0.11901414393931273,1929
NO,long,11,false,241,411561.0,49110.02494998706,0.596980756466827,0.11932623584350087,1937
NO,long,11,false,242,413024.0,49538.341313868994,0.5986434159571364,0.1199405877476103,1945
NO,long,11,false,243,414252.0,49669.06460406052,0.5984008361632774,0.1199006030243922,1953
NO,long,11,false,244,415737.0,50126.8043679173,0.6002347491129095,0.12057335374988827,1961
NO,long,11,false,245,417134.0,50313.51363359458,0.5994485319670997,0.12061714852683929,1969
NO,long,11,false,246,418596.0,50555.336086984134,0.5988620581502284,0.12077357663949043,1977
NO,long,11,false,247,419920.0,50714.24197081783,0.598278126757085,0.12077119920655797,1985
NO,long,11,false,248,421369.0,51014.26732373271,0.5984780305459023,0.12106791748736312,1993
NO,long,11,false,249,422934.0,51360.35940165308,0.5984033298961082,0.12143823717566589,2001
NO,long,11,false,250,424606.0,51730.51051989336,0.5978677898860834,0.12183179352127234,2009
NO,long,11,false,251,426060.0,52041.32389182962,0.5981555106356059,0.12214552854487541,2017
NO,long,11,false,252,427562.0,52349.094186686285,0.5980771422806874,0.12243626465094253,2025
NO,long,11,false,253,429225.0,52699.236641050586,0.5973886442487824,0.12277764958017494,2033
NO,long,11,false,254,430698.0,52974.231763647134,0.5971417014828394,0.12299623347135843,2041
NO,long,11,false,255,431721.0,53052.13305184219,0.5977031664245402,0.12288522692165123,2049
NO,long,11,false,256,433311.0,53380.135693327335,0.5972669422128061,0.12319127761198616,2057
NO,long,11,false,257,434764.0,53701.2247135558,0.5976697500701806,0.12351810341600454,2065
NO,long,11,false,258,436137.0,53953.48564076763,0.5978358040152427,0.12370765525687485,2073
NO,long,11,false,259,437395.0,54162.4150425921,0.5982813989019342,0.12382952489761452,2081
NO,long,11,false,260,438757.0,54358.97762570727,0.5979033132309745,0.12389312905710284,2089
NO,long,11,false,261,440219.0,54611.28611045375,0.5974845857908334,0.12405481387776028,2097
NO,long,11,false,262,441625.0,54934.42221791123,0.5982056605313097,0.12439155894234075,2105
NO,long,11,false,263,443034.0,55236.38595200338,0.5986710665149665,0.12467753254152815,2113
NO,long,11,false,264,444485.0,55500.527421057006,0.5984529590366293,0.12486479278503664,2121
NO,long,11,false,265,445936.0,55832.78599837241,0.5989678270489986,0.1252035852641913,2129
NO,long,11,false,266,447477.0,56200.088765136396,0.5992758452243164,0.12559324560845897,2137
NO,long,11,false,267,448958.0,56591.93540529845,0.6002220438595582,0.12605173625439006,2145
NO,long,11,false,268,450368.0,56906.08265808799,0.600788465440809,0.12635463145269643,2153
NO,long,11,false,269,451711.0,57139.761759801586,0.600927179183072,0.12649628138301167,2161
NO,long,11,false,270,453085.0,57384.43516292424,0.6009848263889682,0.12665269245930508,2169
NO,long,11,false,271,454648.0,57694.186582102724,0.6005369631012764,0.12689858216049058,2177
NO,long,11,false,272,456230.0,57968.409533654485,0.5996091059264819,0.1270596180296221,2185
NO,long,11,false,273,457719.0,58229.18319390571,0.5991273093312657,0.1272160063137115,2193
NO,long,11,false,274,459302.0,58744.96992728536,0.6006827400358432,0.12790053151801073,2201
NO,long,11,false,275,461168.0,59374.927005365476,0.6016489203782208,0.12874901772318434,2209
NO,long,11,false,276,462984.0,59994.19111715655,0.6027931226416605,0.12958156462676151,2217
NO,long,11,false,277,464652.0,60617.95592854349,0.6048549269953152,0.13045882924972557,2225
NO,long,11,false,278,466267.0,61083.37281717073,0.6056373596261153,0.1310051382945195,2233
NO,long,11,false,279,467785.0,61360.7669134839,0.6051357683775532,0.1311730109205808,2241
NO,long,11,false,280,469153.0,61564.75405293181,0.6048093568544857,0.1312253231950596,2249
NO,long,11,false,281,470731.0,62030.26862891589,0.6057998381635241,0.1317743437948975,2257
NO,long,11,false,282,472312.0,62363.03059595658,0.6054721948364216,0.13203778560772664,2265
NO,long,11,false,283,473699.0,62660.308743471905,0.6059405158444242,0.1322787439776565,2273
NO,long,11,false,284,475235.0,62996.43293100607,0.6059097136770806,0.1325584877608048,2281
NO,long,11,false,285,476644.0,63280.99931315256,0.6061224228532951,0.13276365445311922,2289
NO,long,11,false,286,477983.0,63526.636413390115,0.6063669168756096,0.13290563976833927,2297
NO,long,11,false,287,479563.0,63849.345969275935,0.6059537436583082,0.13314068426729322,2305
NO,long,11,false,288,481179.0,64144.7067532542,0.6050816597797773,0.13330736950958832,2313
NO,long,11,false,289,482623.0,64457.382440537884,0.605358688560434,0.13355638343083087,2321
NO,long,11,false,290,484111.0,64743.49787911732,0.6051359741949465,0.13373688653866017,2329
NO,long,11,false,291,485590.0,65057.081665179394,0.6052215648012372,0.1339753324104273,2337
NO,long,11,false,292,486944.0,65309.24307157244,0.6054383761304932,0.13412064440997823,2345
NO,long,11,false,293,488355.0,65602.55887719594,0.6057149084741007,0.13433375081077484,2353
NO,long,11,false,294,489860.0,65970.22498116594,0.6061489868256162,0.13467158980354785,2361
NO,long,11,false,295,491270.0,66179.34410420837,0.6056552554174411,0.1347107376884572,2369
NO,long,11,false,296,492797.0,66681.37335991257,0.6071878834448422,0.13531205214299716,2377
NO,long,11,false,297,494486.0,67136.22270641087,0.6073862349380807,0.13576971381679334,2385
NO,long,11,false,298,496001.0,67553.25172187711,0.6081933495559377,0.13619579743161225,2393
NO,long,11,false,299,497706.0,68145.19151077933,0.6095222002556268,0.13691856539961209,2401
NO,long,11,false,300,499334.0,68598.60321690176,0.6100202148177617,0.1373801968560157,2409
NO,long,11,false,301,500760.0,68981.01871262264,0.6109759591208616,0.1377526533920893,2417
NO,long,23,false,0,96081.0,220.68202593121632,0.11034101296560815,0.002296833150479453,9
NO,long,23,false,1,97097.0,420.83596286530843,0.2062921386594649,0.004334180900185469,17
NO,long,23,false,2,98117.0,639.9138682179863,0.30706039741745983,0.0065219469431187895,25
NO,long,23,false,3,99197.0,342.57716887933543,0.15657091813497964,0.003453503320456621,33
NO,long,23,false,4,100329.0,900.1489445767733,0.3840225872767804,0.00897197165900959,41
NO,long,23,false,5,101486.0,1172.790800438705,0.46447160413414057,0.011556183123176645,49
NO,long,23,false,6,102719.0,1359.9506174949888,0.4888391867343597,0.01323952353016471,57
NO,long,23,false,7,103875.0,1416.6744456989927,0.4782830674203217,0.013638261811783323,65
NO,long,23,false,8,104895.0,1529.061483816628,0.5086698216289515,0.014577067389452577,73
NO,long,23,false,9,106028.0,1569.7637804616452,0.4962895290741844,0.014805181465854729,81
NO,long,23,false,10,107028.0,1743.3453210657,0.5470176721260434,0.01628868446636114,89
NO,long,23,false,11,108148.0,1732.658674581392,0.5201617155753203,0.016021180924116876,97
NO,long,23,false,12,109653.0,1887.4159867842618,0.48896787222390203,0.017212625161046772,105
NO,long,23,false,13,110954.0,1972.8428821739476,0.4714080960989122,0.017780727888800293,113
NO,long,23,false,14,112070.0,1632.8066044323582,0.37752753859707705,0.014569524443940022,121
NO,long,23,false,15,113125.0,1720.2052573799901,0.3906006488147117,0.015206234319381128,129
NO,long,23,false,16,114250.0,1776.6265227826602,0.39021008626897874,0.015550341556084554,137
NO,long,23,false,17,115305.0,1370.2249806574114,0.29581713744762766,0.011883482768808042,145
NO,long,23,false,18,116327.0,2287.793337724334,0.48905372760246557,0.01966691600165339,153
NO,long,23,false,19,117362.0,2366.046374403788,0.4994820296398117,0.020160242449888278,161
NO,long,23,false,20,118520.0,2436.247231980125,0.4952728668388138,0.020555579075093866,169
NO,long,23,false,21,119794.0,2487.727171611405,0.47685013831922657,0.020766709281027473,177
NO,long,23,false,22,120826.0,2599.357878999629,0.4929561689739482,0.02151323290516635,185
NO,long,23,false,23,121955.0,2687.2375752637563,0.49525204114702476,0.022034665042546482,193
NO,long,23,false,24,123057.0,2747.5605790209497,0.49487762590434975,0.022327543975726286,201
NO,long,23,false,25,124401.0,2765.6543925899423,0.46717135009965244,0.022231769781512548,209
NO,long,23,false,26,125452.0,2865.238994789182,0.4779381142267193,0.02283932495926077,217
NO,long,23,false,27,126543.0,2987.5410585292016,0.4889592567150903,0.02360890020411403,225
NO,long,23,false,28,127559.0,3015.5135251818156,0.4903274024685879,0.023640147109822245,233
NO,long,23,false,29,128755.0,3073.6217792100692,0.48251519296861367,0.023871863455477996,241
NO,long,23,false,30,129764.0,3157.0705579554947,0.49306115226542163,0.024329325220827768,249
NO,long,23,false,31,131099.0,3303.50301657974,0.4885393399260189,0.025198537109968343,257
NO,long,23,false,32,132419.0,3477.6219740346623,0.4893923408436057,0.026262258241148643,265
NO,long,23,false,33,133692.0,3526.958080498623,0.4764228124407163,0.026381220121612536,273
NO,long,23,false,34,134687.0,3586.868544939925,0.4832752014200923,0.026631141423744866,281
NO,long,23,false,35,135799.0,3604.183177757157,0.47686996265641135,0.026540572299922363,289
NO,long,23,false,36,137198.0,3835.032826279785,0.4805203390903126,0.02795254177378522,297
NO,long,23,false,37,138275.0,3884.232678746478,0.48060290506637937,0.02809063589764222,305
NO,long,23,false,38,139345.0,3966.5680746146945,0.48514775863682663,0.028465808422366748,313
NO,long,23,false,39,140376.0,3978.62504927713,0.48337079932901594,0.028342630145303544,321
NO,long,23,false,40,141484.0,4052.9726511588365,0.4846314302473797,0.028646155403853697,329
NO,long,23,false,41,142548.0,4111.05835269265,0.48645821236453085,0.02883981783464272,337
NO,long,23,false,42,143561.0,4135.3893701291745,0.48720421419994986,0.028805799417175797,345
NO,long,23,false,43,144740.0,4234.635215794094,0.48724372520930775,0.029256841341675374,353
NO,long,23,false,44,145885.0,4314.76146351786,0.4869933931735733,0.02957645723355972,361
NO,long,23,false,45,147111.0,4443.786663209642,0.4877921693973262,0.03020703185492344,369
NO,long,23,false,46,148143.0,4499.5512376794595,0.49089583653496177,0.030373026317000867,377
NO,long,23,false,47,149195.0,4535.608108873733,0.4907604532432085,0.03040053694074019,385
NO,long,23,false,48,150561.0,4634.57393392434,0.481164237326032,0.03078203474953235,393
NO,long,23,false,49,151696.0,4703.1394672518345,0.480353331350407,0.031003714450294238,401
NO,long,23,false,50,152694.0,4753.01362774338,0.48435887371276676,0.03112770395525286,409
NO,long,23,false,51,153879.0,4826.993653263247,0.48163975785903484,0.03136876151562752,417
NO,long,23,false,52,154982.0,4863.618954149105,0.4792214951373638,0.03138183114264305,425
NO,long,23,false,53,156052.0,4980.468269478685,0.48623140383468566,0.031915440170447576,433
NO,long,23,false,54,157122.0,5038.89427061099,0.4874619590414037,0.032069947369629904,441
NO,long,23,false,55,158310.0,5109.9791307470305,0.4844041265282994,0.032278309208180346,449
NO,long,23,false,56,159522.0,5208.11280014148,0.48290336579893184,0.03264824162273216,457
NO,long,23,false,57,160682.0,5283.492257523604,0.48167492547393603,0.03288166849755171,465
NO,long,23,false,58,161933.0,5370.876986430083,0.47766604290555703,0.03316727897605851,473
NO,long,23,false,59,162975.0,5401.709246527888,0.47760470791581683,0.03314440402839631,481
NO,long,23,false,60,164046.0,5459.473035921979,0.4786911912250749,0.03328013505920278,489
NO,long,23,false,61,165158.0,5544.8685914108855,0.4804495790148935,0.033573115388966235,497
NO,long,23,false,62,166373.0,5647.716386231683,0.4794326304101598,0.033946111365616316,505
NO,long,23,false,63,167745.0,5900.583673755158,0.4846077261625458,0.0351759138797291,513
NO,long,23,false,64,168847.0,5959.833723590742,0.48446055304753227,0.035297243798176704,521
NO,long,23,false,65,170106.0,6044.1761016815335,0.4802682639397325,0.03553182193268629,529
NO,long,23,false,66,171187.0,6103.193050001512,0.4809450788023256,0.035652199349258486,537
NO,long,23,false,67,172389.0,6181.162916527326,0.4785663453489723,0.03585590099442149,545
NO,long,23,false,68,173565.0,6239.109674032525,0.4756869223873532,0.03594681919760623,553
NO,long,23,false,69,174731.0,6240.620377787473,0.46900799472324317,0.03571558783379866,561
NO,long,23,false,70,175892.0,6409.929581763517,0.4751263495488486,0.03644241683398629,569
NO,long,23,false,71,177061.0,6510.381065660756,0.4757659358126831,0.03676914207906177,577
NO,long,23,false,72,178192.0,6586.903885229717,0.4759667523108402,0.036965205425775104,585
NO,long,23,false,73,179262.0,6620.436650349187,0.4751623232863839,0.036931623268451695,593
NO,long,23,false,74,180554.0,6791.1146665482975,0.4766028961013613,0.03761265143141829,601
NO,long,23,false,75,181627.0,6839.1818047151655,0.47673092183989724,0.03765509425754522,609
NO,long,23,false,76,182830.0,6917.678852142033,0.47469147410567714,0.037836672603741364,617
NO,long,23,false,77,183974.0,7011.544056653549,0.4756491456925276,0.03811160303441546,625
NO,long,23,false,78,185119.0,7088.816310422599,0.4754403964066129,0.03829329409959323,633
NO,long,23,false,79,186249.0,7149.163369688164,0.4745859910839195,0.038384975863967934,641
NO,long,23,false,80,187569.0,7147.282595846759,0.46386828893086446,0.03810481793818146,649
NO,long,23,false,81,188871.0,7513.198725372518,0.4775135836641997,0.03977952531289885,657
NO,long,23,false,82,190173.0,7679.929994387408,0.4782023657775472,0.040383913564950906,665
NO,long,23,false,83,191433.0,7816.31965969625,0.4782378646412292,0.04083057602240079,673
NO,long,23,false,84,192660.0,7916.548715686864,0.4770442130573585,0.041090775021731876,681
NO,long,23,false,85,193942.0,7991.90621545674,0.4728658786732584,0.04120771269480948,689
NO,long,23,false,86,195254.0,8117.8584490751455,0.4709554127211896,0.04157588806925925,697
NO,long,23,false,87,196660.0,8261.925283613271,0.46764732459462677,0.04201121368663313,705
NO,long,23,false,88,197872.0,8354.77820873727,0.46666917325237506,0.04222314530978244,713
NO,long,23,false,89,199205.0,8496.177738463692,0.4652890327745724,0.042650424128228163,721
NO,long,23,false,90,200588.0,8679.752056274097,0.46497841411443175,0.04327154194804324,729
NO,long,23,false,91,202090.0,8833.487649941346,0.4602452795259389,0.043710661833546174,737
NO,long,23,false,92,203344.0,8964.789539952433,0.46041752041253314,0.04408681613400166,745
NO,long,23,false,93,204547.0,9097.152035420304,0.4618312537019141,0.04447462947596544,753
NO,long,23,false,94,205698.0,9202.118266330652,0.46304625704879243,0.04473606095504405,761
NO,long,23,false,95,206877.0,9283.529796615981,0.46241929650408353,0.044874634669953554,769
NO,long,23,false,96,208140.0,9422.718172314602,0.462737227928822,0.04527105876964833,777
NO,long,23,false,97,209365.0,9530.119948519681,0.4623578472986455,0.04551916484856438,785
NO,long,23,false,98,210484.0,9575.019635058215,0.46133556420420213,0.045490486854384254,793
NO,long,23,false,99,211779.0,9777.248706653812,0.463948405934033,0.04616722482707829,801
NO,long,23,false,100,213106.0,9919.709358980175,0.4629969362417818,0.04654824058909733,809
NO,long,23,false,101,214272.0,10027.264799826255,0.46390306730632686,0.04679689740062283,817
NO,long,23,false,102,215569.0,10211.531832000835,0.46551476258209495,0.04737013128975333,825
NO,long,23,false,103,216768.0,10345.60807201864,0.4668806386578203,0.047726638950484575,833
NO,long,23,false,104,218152.0,10497.291156943142,0.4651611271743316,0.04811916075462586,841
NO,long,23,false,105,219465.0,10683.160723372694,0.46643209585106066,0.0486781979968227,849
NO,long,23,false,106,220935.0,10928.378519853997,0.46706464312565166,0.04946422486185528,857
NO,long,23,false,107,222130.0,11018.207480297771,0.46653713343344927,0.04960251870660321,865
NO,long,23,false,108,223401.0,11214.649543477793,0.46899671894771633,0.0501996389607826,873
NO,long,23,false,109,224879.0,11452.42776051771,0.4690926419479688,0.050927066380220966,881
NO,long,23,false,110,226160.0,11625.00843643466,0.47028635609994984,0.05140169984274257,889
NO,long,23,false,111,227670.0,11914.677385934428,0.47181235441074043,0.052333102235404,897
NO,long,23,false,112,229127.0,12115.275985181308,0.4707886836551375,0.05287581116665128,905
NO,long,23,false,113,230488.0,12369.17061546883,0.4735698386411743,0.053665139250064345,913
NO,long,23,false,114,232252.0,12674.007555629427,0.4710301243404849,0.05457006852741603,921
NO,long,23,false,115,234098.0,13247.054615642457,0.47690731956807636,0.056587645411932,929
NO,long,23,false,116,235357.0,13411.79769391092,0.47796855644728864,0.05698491098166156,937
NO,long,23,false,117,236929.0,13805.545817908242,0.4817680701391765,0.058268704202137526,945
NO,long,23,false,118,238427.0,14201.252038732431,0.48671094793105873,0.05956226450331729,953
NO,long,23,false,119,239848.0,14443.681455041116,0.4875833458812786,0.06022014548814714,961
NO,long,23,false,120,241130.0,14587.923623438812,0.4874176759477033,0.06049816954936678,969
NO,long,23,false,121,242643.0,14930.109590642229,0.49005808411482404,0.06153117786477347,977
NO,long,23,false,122,244045.0,15277.68230823592,0.49455141487232684,0.06260190664933074,985
NO,long,23,false,123,245637.0,15670.434626119613,0.49734780456136896,0.0637950904225325,993
NO,long,23,false,124,246945.0,15837.269745991196,0.49740168800223605,0.06413278157480895,1001
NO,long,23,false,125,248290.0,16089.270159720727,0.49952715575524625,0.0648003147920606,1009
NO,long,23,false,126,250048.0,16727.470324466827,0.5070313214048324,0.06689703706675049,1017
NO,long,23,false,127,251490.0,16984.888359606204,0.5076632202410917,0.0675370327233934,1025
NO,long,23,false,128,252845.0,17187.27256784585,0.5079581678639865,0.06797552875416105,1033
NO,long,23,false,129,254429.0,17635.8381714212,0.5120148116194752,0.06931536173714946,1041
NO,long,23,false,130,255888.0,17975.807531356822,0.5146679511941141,0.07024873198960804,1049
NO,long,23,false,131,257139.0,18163.34585617806,0.5159748268898944,0.07063629342953835,1057
NO,long,23,false,132,258358.0,18347.182061157582,0.5176239825407697,0.0710145691681991,1065
NO,long,23,false,133,259867.0,18786.426099348308,0.5221642698134501,0.07229246537401174,1073
NO,long,23,false,134,261334.0,19152.74024704379,0.5251786516505467,0.07328835990358618,1081
NO,long,23,false,135,262993.0,19597.42469135692,0.5274931279973331,0.07451690612053141,1089
NO,long,23,false,136,264718.0,20140.89718712454,0.531408068048984,0.07608435084552068,1097
NO,long,23,false,137,266195.0,20431.057318285326,0.5320310743785565,0.07675222043346165,1105
NO,long,23,false,138,267353.0,20559.518589690848,0.532850886110586,0.07690027263464726,1113
NO,long,23,false,139,268671.0,20788.147978347326,0.5340427472215826,0.07737399264657267,1121
NO,long,23,false,140,270369.0,21213.540670629132,0.5350469297475063,0.07846143851783723,1129
NO,long,23,false,141,271632.0,21363.969890210497,0.5349685711834355,0.07865041633611097,1137
NO,long,23,false,142,272940.0,21581.912301898916,0.5359702064196219,0.07907200227851878,1145
NO,long,23,false,143,274618.0,21957.64094201846,0.5359574542219352,0.07995703465183805,1153
NO,long,23,false,144,276190.0,22149.95667321441,0.5328992342888105,0.08019825726208193,1161
NO,long,23,false,145,277634.0,22465.72582121551,0.5344782866132683,0.080918496370097,1169
NO,long,23,false,146,279039.0,22664.28483838444,0.5337545296590938,0.08122264213383949,1177
NO,long,23,false,147,280638.0,22960.119266542217,0.532902849403324,0.0818140068933723,1185
NO,long,23,false,148,282114.0,23223.372494230596,0.5328294710159596,0.0823191067945249,1193
NO,long,23,false,149,283416.0,23422.648709047648,0.5334118719466113,0.0826440592946328,1201
NO,long,23,false,150,284955.0,23811.193792778453,0.5353958221158082,0.08356124227607326,1209
NO,long,23,false,151,286699.0,24283.69150096672,0.5367510609824216,0.08470099826287054,1217
NO,long,23,false,152,288289.0,24778.654311497343,0.5403579534084382,0.08595074495210481,1225
NO,long,23,false,153,289807.0,25155.01160215954,0.5421572395827307,0.08679918567239417,1233
NO,long,23,false,154,291467.0,25536.077571536644,0.5423745289396509,0.08761224279776662,1241
NO,long,23,false,155,293062.0,25965.446373881023,0.5443375688954324,0.08860052266715242,1249
NO,long,23,false,156,294271.0,26066.42600632325,0.5437982644119675,0.08857966298521856,1257
NO,long,23,false,157,295448.0,26163.367420551625,0.5435414442827802,0.08855489771652414,1265
NO,long,23,false,158,296736.0,26418.94409172963,0.5453164095141005,0.08903181309894867,1273
NO,long,23,false,159,298507.0,26974.613518061607,0.5477968709244467,0.09036509535140418,1281
NO,long,23,false,160,300152.0,27531.229606246066,0.551606451608785,0.09172429171301896,1289
NO,long,23,false,161,301549.0,27843.19010946024,0.5531906164956735,0.09233388308188799,1297
NO,long,23,false,162,303267.0,28367.200372419196,0.5554137207271644,0.09353869815185693,1305
NO,long,23,false,163,304837.0,28789.51205501641,0.5572019829491447,0.0944423152537796,1313
NO,long,23,false,164,306492.0,29263.21040591158,0.5590236385258291,0.09547789308011818,1321
NO,long,23,false,165,307942.0,29596.54999074395,0.5603178658250308,0.09611079356094314,1329
NO,long,23,false,166,309709.0,30250.752603972524,0.5642533873754481,0.09767476115958051,1337
NO,long,23,false,167,311023.0,30466.604884070814,0.5647192749596073,0.0979561154129142,1345
NO,long,23,false,168,312626.0,30785.938735031832,0.5640826490102393,0.09847529871166132,1353
NO,long,23,false,169,314044.0,31174.928490165777,0.5666211397910863,0.09926930140415285,1361
NO,long,23,false,170,315613.0,31501.154545435333,0.5664452734200413,0.09980943289863008,1369
NO,long,23,false,171,317143.0,31934.346079156727,0.5685707737627164,0.10069383867579208,1377
NO,long,23,false,172,318552.0,32147.3012668252,0.5679835556604392,0.10091696572875135,1385
NO,long,23,false,173,319957.0,32489.63353426633,0.569713711409594,0.10154374973595305,1393
NO,long,23,false,174,321416.0,32944.20488390335,0.5728331081689303,0.10249709063613309,1401
NO,long,23,false,175,322903.0,33340.36758108256,0.5746159660315494,0.1032519598179099,1409
NO,long,23,false,176,324477.0,33733.65912368684,0.5754633081488714,0.10396317496675216,1417
NO,long,23,false,177,325975.0,34044.79901079485,0.575645040931907,0.10443990800151806,1425
NO,long,23,false,178,327314.0,34264.91443227905,0.5758325255403588,0.10468514769389349,1433
NO,long,23,false,179,328932.0,34692.83662961753,0.5768007819112763,0.10547115096621043,1441
NO,long,23,false,180,330312.0,34977.462655551615,0.5776529315048738,0.10589219482050793,1449
NO,long,23,false,181,331650.0,35225.102071301226,0.5782854574770776,0.10621167517353,1457
NO,long,23,false,182,332932.0,35353.590543947415,0.5774937608250285,0.10618862273361351,1465
NO,long,23,false,183,334155.0,35487.570300667445,0.5773528503671533,0.10620092562034818,1473
NO,long,23,false,184,335411.0,35660.63268206459,0.5775375357442522,0.10631921040772244,1481
NO,long,23,false,185,336637.0,35808.102998673916,0.5775873120632607,0.10637007518090381,1489
NO,long,23,false,186,338056.0,36153.34298771979,0.5790186099668443,0.10694483454729332,1497
NO,long,23,false,187,339566.0,36469.40800631977,0.5791276897451252,0.10740005773934896,1505
NO,long,23,false,188,341235.0,36958.0391032258,0.5804988393055288,0.10830670682440488,1513
NO,long,23,false,189,343022.0,37418.19481335834,0.5803339921733074,0.10908395033950692,1521
NO,long,23,false,190,344688.0,37920.918978978756,0.5819037086098602,0.11001519919167119,1529
NO,long,23,false,191,346149.0,38247.72753007586,0.5825828235251913,0.11049498201663406,1537
NO,long,23,false,192,347722.0,38700.67036441539,0.5841698797629457,0.11129773314433769,1545
NO,long,23,false,193,349082.0,38935.03484314079,0.5843206045524109,0.11153549837327846,1553
NO,long,23,false,194,350395.0,39186.63900714655,0.585137210798067,0.11183561125914054,1561
NO,long,23,false,195,351983.0,39643.58894235922,0.586599818625658,0.11262927170448352,1569
NO,long,23,false,196,353445.0,39966.487759154326,0.5871553117346525,0.11307696461727942,1577
NO,long,23,false,197,355061.0,40464.401272267205,0.5889328938735985,0.11396464627843442,1585
NO,long,23,false,198,356702.0,40837.87049398797,0.5886709597968658,0.11448736058106758,1593
NO,long,23,false,199,358286.0,41260.768413536905,0.5895995829373245,0.11516154249269273,1601
NO,long,23,false,200,359874.0,41543.100690595864,0.5884875368747023,0.11543790518513664,1609
NO,long,23,false,201,361416.0,41892.450671354156,0.5887161240511272,0.11591199800604886,1617
NO,long,23,false,202,362944.0,42274.114496127215,0.589506693479762,0.11647558437700366,1625
NO,long,23,false,203,364396.0,42523.579269797956,0.5890753081551797,0.1166960649123425,1633
NO,long,23,false,204,365760.0,42692.41187428588,0.5882523165592267,0.11672247340957424,1641
NO,long,23,false,205,366982.0,42848.74474524337,0.5884119243795521,0.11675979951399079,1649
NO,long,23,false,206,368507.0,43277.03242996006,0.5898464281035855,0.11743883407902717,1657
NO,long,23,false,207,369881.0,43624.75283362595,0.5913777360593475,0.11794267030105886,1665
NO,long,23,false,208,371118.0,43792.57721337638,0.5915597564924068,0.11800176012313168,1673
NO,long,23,false,209,372461.0,44027.86005383891,0.5918041299779411,0.11820797359680317,1681
NO,long,23,false,210,373887.0,44331.0368031843,0.5922966732114515,0.11856800798953776,1689
NO,long,23,false,211,375537.0,44736.100405899255,0.5923742108831999,0.11912567977562598,1697
NO,long,23,false,212,377173.0,45094.23738852664,0.5919432579223766,0.11955849805931666,1705
NO,long,23,false,213,378633.0,45414.9976365887,0.5923901392646965,0.11994463672365774,1713
NO,long,23,false,214,380108.0,45626.81898764338,0.591304368513969,0.12003646065761148,1721
NO,long,23,false,215,381779.0,46042.414177592254,0.5913639468980998,0.12059965104836111,1729
NO,long,23,false,216,383330.0,46431.34522837144,0.5919873679238514,0.12112630169402719,1737
NO,long,23,false,217,384863.0,46748.2894399344,0.591825413849024,0.12146735186270023,1745
NO,long,23,false,218,386437.0,47141.42964249671,0.592318309826817,0.12198994827745974,1753
NO,long,23,false,219,388183.0,47692.506242225194,0.5935004136766121,0.12286088324894494,1761
NO,long,23,false,220,389676.0,47973.63814918002,0.5931825428028441,0.12311160592179149,1769
NO,long,23,false,221,391211.0,48373.74621166268,0.5940239483712292,0.12365129357728356,1777
NO,long,23,false,222,392785.0,48782.423392175304,0.5946755338425895,0.12419624830931758,1785
NO,long,23,false,223,394233.0,49132.75323892251,0.5955196504281308,0.12462871763379146,1793
NO,long,23,false,224,395944.0,49616.648321300425,0.5960745362306181,0.1253122873974613,1801
NO,long,23,false,225,397403.0,49906.063809067164,0.5960925898696539,0.12558049085957368,1809
NO,long,23,false,226,399054.0,50237.417877407526,0.5952512278565296,0.12589127756495994,1817
NO,long,23,false,227,400615.0,50707.94472412674,0.5966904135478894,0.12657525235981365,1825
NO,long,23,false,228,402166.0,51069.32230237731,0.5969040791796967,0.12698567830790597,1833
NO,long,23,false,229,403738.0,51422.01358510024,0.5968685197857329,0.12736480981502915,1841
NO,long,23,false,230,405050.0,51516.686870080295,0.59564438102048,0.12718599400093888,1849
NO,long,23,false,231,406402.0,51918.02589290445,0.5976863626651062,0.1277504192718157,1857
NO,long,23,false,232,407798.0,52197.31013522034,0.5980100834647458,0.12799795520139956,1865
NO,long,23,false,233,409224.0,52576.16501814265,0.5992610134854124,0.12847771640505604,1873
NO,long,23,false,234,410750.0,52871.216781937466,0.5988697602303615,0.128718726188527,1881
NO,long,23,false,235,412440.0,53450.82332783902,0.6005777966925361,0.1295966039371521,1889
NO,long,23,false,236,413957.0,53725.39480646222,0.6000155774677487,0.12978496512068213,1897
NO,long,23,false,237,415531.0,54008.31627522224,0.5991736700972092,0.12997421678580476,1905
NO,long,23,false,238,417028.0,54205.500176111425,0.5979053395262625,0.12998048134924137,1913
NO,long,23,false,239,418544.0,54385.862301316265,0.5963427482901815,0.1299406091147317,1921
NO,long,23,false,240,419947.0,54617.37435483261,0.5960903494077293,0.13005777956464176,1929
NO,long,23,false,241,421471.0,54882.13610584489,0.5954188394324309,0.13021568768870193,1937
NO,long,23,false,242,423126.0,55332.98749713019,0.5959202987208835,0.13077189181740237,1945
NO,long,23,false,243,424619.0,55620.657322976265,0.5957015885506722,0.1309895631683374,1953
NO,long,23,false,244,426193.0,55934.28777430899,0.595248252323227,0.13124168574873118,1961
NO,long,23,false,245,427687.0,56148.787095320076,0.5942550970018847,0.1312847645481861,1969
NO,long,23,false,246,429189.0,56470.75131780255,0.5943538849598213,0.13157548613268874,1977
NO,long,23,false,247,430787.0,56791.68485549386,0.5938440811373974,0.1318324017565383,1985
NO,long,23,false,248,432504.0,57255.58093417214,0.5940916309641726,0.13238162175187312,1993
NO,long,23,false,249,434042.0,57522.508443465194,0.5934009557079876,0.13252751679207356,2001
NO,long,23,false,250,435431.0,57726.95771869364,0.5929836437462109,0.13257429470729837,2009
NO,long,23,false,251,436731.0,57832.93988142405,0.5921016839837013,0.13242233750620874,2017
NO,long,23,false,252,438065.0,58071.87459055826,0.5923767197502678,0.13256451574665462,2025
NO,long,23,false,253,439462.0,58423.97391675441,0.5934199457279555,0.13294431353963349,2033
NO,long,23,false,254,440770.0,58714.22259663581,0.5943637454738656,0.13320830046653767,2041
NO,long,23,false,255,442264.0,58990.33324958129,0.594043817906622,0.13338262496965905,2049
NO,long,23,false,256,443627.0,59200.19112315364,0.5938428239858927,0.13344587034412614,2057
NO,long,23,false,257,445190.0,59537.532693921945,0.5937306929198315,0.13373510791779228,2065
NO,long,23,false,258,446883.0,59826.655330044916,0.5923783128705162,0.13387543345807495,2073
NO,long,23,false,259,448479.0,60186.082609703255,0.5923010865599548,0.13420044775720436,2081
NO,long,23,false,260,450104.0,60490.237944374916,0.5915163641236314,0.13439169157433598,2089
NO,long,23,false,261,451756.0,60983.425848129955,0.5924229480384495,0.1349919554983884,2097
NO,long,23,false,262,453253.0,61266.542376924386,0.5921761296822384,0.13517073770482355,2105
NO,long,23,false,263,454833.0,61630.92691522391,0.592240610732087,0.13550232044557872,2113
NO,long,23,false,264,456414.0,62011.695226198324,0.5924552181276054,0.1358672065848075,2121
NO,long,23,false,265,457857.0,62384.57160530608,0.5933702214779532,0.13625339703292969,2129
NO,long,23,false,266,459366.0,62658.25768054927,0.5929672626839402,0.136401600642079,2137
NO,long,23,false,267,460854.0,62948.219380233764,0.5928388259691825,0.1365903721791148,2145
NO,long,23,false,268,462181.0,63173.5175573259,0.593000390092422,0.1366856654802467,2153
NO,long,23,false,269,463489.0,63360.95417660235,0.5929120580981654,0.1367043320911658,2161
NO,long,23,false,270,465025.0,63662.119610498085,0.5926247357247737,0.13690042387075552,2169
NO,long,23,false,271,466595.0,64022.68332041782,0.5927038393639746,0.13721253618323775,2177
NO,long,23,false,272,468189.0,64504.1857827795,0.5937643670862284,0.13777381737456348,2185
NO,long,23,false,273,469788.0,64816.61112278338,0.5932381874516826,0.13796991647888704,2193
NO,long,23,false,274,471402.0,65295.73071107494,0.5941538960215014,0.1385139025949719,2201
NO,long,23,false,275,472864.0,65714.09765596881,0.5953280637051793,0.13897039668058642,2209
NO,long,23,false,276,474176.0,65981.03474038905,0.5959323579547237,0.1391488281574543,2217
NO,long,23,false,277,475566.0,66229.01585976532,0.5959437418207492,0.1392635635427371,2225
NO,long,23,false,278,477270.0,66698.3883166951,0.5962613271532983,0.13974980266242398,2233
NO,long,23,false,279,478734.0,66945.14145845258,0.595867710958287,0.1398378670795318,2241
NO,long,23,false,280,480300.0,67282.30126314028,0.5957401895106232,0.1400839085220493,2249
NO,long,23,false,281,482046.0,67774.40174712126,0.5960337506012827,0.14059737399982836,2257
NO,long,23,false,282,483786.0,68397.25323417239,0.5974968178886932,0.14137914952928027,2265
NO,long,23,false,283,485256.0,68792.77479842788,0.5983697478270102,0.14176594374603896,2273
NO,long,23,false,284,486803.0,69177.66020112637,0.5987437916627116,0.1421060679599887,2281
NO,long,23,false,285,488499.0,69492.45435202743,0.5977434185348744,0.1422571066717177,2289
NO,long,23,false,286,490173.0,69865.33329584562,0.5973642506228464,0.14253199032962977,2297
NO,long,23,false,287,491881.0,70381.82201193298,0.5980373700966367,0.1430870922274554,2305
NO,long,23,false,288,493651.0,70893.72836450212,0.5983501997307787,0.14361102958264466,2313
NO,long,23,false,289,495294.0,71288.0553186347,0.598310143758107,0.14393078720645655,2321
NO,long,23,false,290,496989.0,71735.83290296793,0.5984569101258712,0.14434088662519276,2329
NO,long,23,false,291,498596.0,72152.39401326394,0.598780023180806,0.1447111368989401,2337
NO,long,23,false,292,500022.0,72446.88454303033,0.598987048615783,0.14488739404072287,2345
NO,long,41,false,0,96081.0,503.55130110935613,0.25177565055467804,0.0052409040404383395,9
NO,long,41,false,1,97127.0,449.3009552321575,0.21705360156142875,0.004625912004202307,17
NO,long,41,false,2,98197.0,438.7731631001215,0.20276024172833712,0.004468294989664873,25
NO,long,41,false,3,99234.0,151.24932457132618,0.06797722452643873,0.0015241683754693572,33
NO,long,41,false,4,100356.0,924.8246204630346,0.3900567779262061,0.009215439240932627,41
NO,long,41,false,5,101360.0,1031.6185726189094,0.4300202470274737,0.010177768080297054,49
NO,long,41,false,6,102400.0,916.2070642070331,0.37198825180959527,0.008947334611396808,57
NO,long,41,false,7,103425.0,898.5799890895017,0.357714963809515,0.008688228079183,65
NO,long,41,false,8,104429.0,1318.0185563037965,0.5189049434266915,0.012621192928245952,73
NO,long,41,false,9,105505.0,440.5015578490451,0.16685665070039588,0.004175172341112223,81
NO,long,41,false,10,106587.0,1377.819247684609,0.5017550064401344,0.012926710083636926,89
NO,long,41,false,11,107880.0,1517.1217931203435,0.4953058416977941,0.014063049621063622,97
NO,long,41,false,12,109126.0,1632.7700992917692,0.4898800177893097,0.014962246387586543,105
NO,long,41,false,13,110381.0,900.5359279014122,0.249317809496515,0.008158432410481987,113
NO,long,41,false,14,111559.0,1543.259029493758,0.40463005492757154,0.013833568152222213,121
NO,long,41,false,15,112616.0,1859.684372823078,0.4774542677337813,0.016513500504573755,129
NO,long,41,false,16,113627.0,1690.9637068220902,0.43027066331350894,0.014881706872680703,137
NO,long,41,false,17,114653.0,1941.73474174424,0.48787305068950754,0.016935751718177804,145
NO,long,41,false,18,115827.0,1974.049585296513,0.47248673654775325,0.0170430865454213,153
NO,long,41,false,19,116989.0,2089.493321172453,0.4788023192420836,0.01786059647635635,161
NO,long,41,false,20,118032.0,2053.9796751240465,0.46354765857008495,0.017401888260167128,169
NO,long,41,false,21,119024.0,2163.0214917994253,0.4864001555654206,0.0181729860515478,177
NO,long,41,false,22,120042.0,2190.452081715834,0.48795992018619605,0.018247380764364423,185
NO,long,41,false,23,121178.0,2136.7670805638363,0.4596186449911457,0.01763329218640212,193
NO,long,41,false,24,122260.0,2067.495717490475,0.4348045672955783,0.016910647124901642,201
NO,long,41,false,25,123387.0,2300.076136358966,0.46882921654279774,0.018641154549174272,209
NO,long,41,false,26,124375.0,2369.399014378711,0.48178101146374763,0.019050444336713254,217
NO,long,41,false,27,125823.0,2569.1689650161184,0.47665472449278634,0.020418913593032422,225
NO,long,41,false,28,126979.0,2676.438549084009,0.48050961383913987,0.02107780459039691,233
NO,long,41,false,29,128024.0,2720.2111627534387,0.4823924743311649,0.02124766577167905,241
NO,long,41,false,30,129103.0,2772.525940051645,0.48285021596162403,0.02147530220096857,249
NO,long,41,false,31,130227.0,2873.466191810555,0.48785504105442357,0.022065057106518272,257
NO,long,41,false,32,131287.0,2878.3101656766253,0.4818061877597297,0.021923801790555236,265
NO,long,41,false,33,132304.0,2944.3494313998644,0.4895011523524297,0.02225442489569374,273
NO,long,41,false,34,133407.0,2917.471206751125,0.47500345274358924,0.021868951454954575,281
NO,long,41,false,35,134566.0,3071.5457754061144,0.4856198854397019,0.022825570912460163,289
NO,long,41,false,36,135646.0,3121.6828558428597,0.48556274005955197,0.023013453075231557,297
NO,long,41,false,37,136644.0,3164.004319122494,0.4904672638540527,0.02315509147216485,305
NO,long,41,false,38,137754.0,3177.748921150822,0.48257386805631314,0.023068287825767832,313
NO,long,41,false,39,138748.0,3251.1619800528897,0.4923764925114175,0.02343213581495149,321
NO,long,41,false,40,139855.0,3280.7641995808385,0.48719397083172533,0.023458326120487923,329
NO,long,41,false,41,141019.0,3357.980006555694,0.4851170191499125,0.02381225229618487,337
NO,long,41,false,42,142135.0,3409.5649292099815,0.4828044363084086,0.0239882149309458,345
NO,long,41,false,43,143200.0,3474.2184464431657,0.4858367286314034,0.024261302000301438,353
NO,long,41,false,44,144307.0,3543.378022490306,0.4865940706523354,0.024554443114265464,361
NO,long,41,false,45,145403.0,3518.964289864184,0.47540722640694194,0.024201455883745067,369
NO,long,41,false,46,146499.0,3634.7412437959733,0.48321473594735087,0.024810689791711707,377
NO,long,41,false,47,147649.0,3706.0876833158113,0.48156024991109814,0.025100662268730648,385
NO,long,41,false,48,148807.0,3765.7492630402126,0.4780082842142946,0.02530626424187177,393
NO,long,41,false,49,149946.0,3823.8428709410377,0.47554319996779476,0.025501466334153882,401
NO,long,41,false,50,151014.0,3885.560951804933,0.4777524839302758,0.025729806188862843,409
NO,long,41,false,51,152180.0,3995.2470024548284,0.48002487113478653,0.02625343016463943,417
NO,long,41,false,52,153343.0,4053.4958715008875,0.47632148901303023,0.02643417613781449,425
NO,long,41,false,53,154437.0,4135.952582400189,0.4793639988873655,0.026780839969697608,433
NO,long,41,false,54,155655.0,4249.785758414298,0.47911902575133003,0.027302597143775,441
NO,long,41,false,55,156793.0,4346.607357555954,0.4812452787373731,0.027721947775448865,449
NO,long,41,false,56,158017.0,4406.105469979056,0.4747958480580879,0.027883743331281165,457
NO,long,41,false,57,159262.0,4509.953832121818,0.472295929638896,0.028317827429781228,465
NO,long,41,false,58,160506.0,4652.570726447779,0.4739299914890271,0.028986895981756314,473
NO,long,41,false,59,161728.0,4775.493039422999,0.4745595785971379,0.029527929853970857,481
NO,long,41,false,60,162805.0,4825.7026164995,0.4747838072116785,0.029640997613706584,489
NO,long,41,false,61,164268.0,4957.531572836179,0.4654522178984301,0.030179533279982584,497
NO,long,41,false,62,165646.0,5092.514491949139,0.46073595331124023,0.03074335928394974,505
NO,long,41,false,63,166874.0,5211.4074128459115,0.4609825221447069,0.0312295948610683,513
NO,long,41,false,64,168006.0,5322.4568588803295,0.4643972479609397,0.031680159392404615,521
NO,long,41,false,65,169330.0,5504.994422514626,0.4661693981297846,0.03251044955125865,529
NO,long,41,false,66,170418.0,5549.157563164432,0.4654943010791403,0.03256203900506068,537
NO,long,41,false,67,171712.0,5717.876221783703,0.46718491884824764,0.03329922324464046,545
NO,long,41,false,68,172911.0,5808.019797820859,0.46605840136582083,0.03358964899758175,553
NO,long,41,false,69,174091.0,5924.501381399403,0.46774841160582686,0.03403106066022599,561
NO,long,41,false,70,175337.0,6078.326511050549,0.469876817489993,0.034666536504277756,569
NO,long,41,false,71,176500.0,6183.771394075885,0.471216291554971,0.035035531977767057,577
NO,long,41,false,72,177623.0,6232.641251668215,0.4696790694550275,0.03508915653754421,585
NO,long,41,false,73,178714.0,6302.382892016864,0.47085415704272426,0.035265188468820936,593
NO,long,41,false,74,179824.0,6375.444873013525,0.47159145447248496,0.0354538041252198,601
NO,long,41,false,75,180984.0,6417.807343415665,0.4683505322495559,0.03546063377655298,609
NO,long,41,false,76,182121.0,6497.921621469727,0.4686902496732348,0.03567914530158371,617
NO,long,41,false,77,183380.0,6651.132137812678,0.4701443512979909,0.03626967029017711,625
NO,long,41,false,78,184582.0,6710.875023873846,0.4669084410960722,0.03635714763017979,633
NO,long,41,false,79,185824.0,6871.033446144492,0.4693649461127462,0.0369760281026374,641
NO,long,41,false,80,187047.0,7019.089064923336,0.4715228446139551,0.03752580402210854,649
NO,long,41,false,81,188221.0,7113.070233071748,0.4715639242291002,0.03779105537146093,657
NO,long,41,false,82,189422.0,7226.745986317104,0.4720586574117907,0.0381515662716955,665
NO,long,41,false,83,190620.0,7303.938950265419,0.4702813051487618,0.03831675034238495,673
NO,long,41,false,84,191866.0,7392.936892546958,0.4678777857443806,0.03853177161428788,681
NO,long,41,false,85,193040.0,7509.679655352965,0.4693843149792465,0.03890219465060591,689
NO,long,41,false,86,194331.0,7685.650701299302,0.47110768059944236,0.03954927778532145,697
NO,long,41,false,87,195676.0,7906.480727294008,0.47392439772786715,0.04040598094448991,705
NO,long,41,false,88,197053.0,8111.35866849686,0.4747927106354987,0.04116333508496121,713
NO,long,41,false,89,198320.0,8300.95209628836,0.47775263863530126,0.04185635385381384,721
NO,long,41,false,90,199484.0,8384.663754853707,0.47740498518782143,0.042031760716918186,729
NO,long,41,false,91,200640.0,8461.50215155874,0.4768924168155746,0.042172558570368515,737
NO,long,41,false,92,201880.0,8532.430040128485,0.47383962015485565,0.04226486051183121,745
NO,long,41,false,93,203108.0,8641.727723493179,0.4732859260361016,0.042547451225422826,753
NO,long,41,false,94,204286.0,8752.826850563204,0.4741252830595961,0.04284594563779801,761
NO,long,41,false,95,205457.0,8864.60971094212,0.475161326701443,0.04314581499263652,769
NO,long,41,false,96,206599.0,8985.713402438336,0.4774048136456453,0.04349349901228145,777
NO,long,41,false,97,207783.0,9111.08388180011,0.4787747704571787,0.043849034241492856,785
NO,long,41,false,98,209126.0,9296.82964456309,0.47929214025690003,0.04445563748440218,793
NO,long,41,false,99,210258.0,9401.38241648363,0.48081534375715385,0.04471355390274629,801
NO,long,41,false,100,211449.0,9477.082368861156,0.47941533634465583,0.044819707678263584,809
NO,long,41,false,101,212550.0,9117.807781291776,0.45834252155490757,0.042897237267898264,817
NO,long,41,false,102,213608.0,9549.585886436518,0.4780768904348695,0.04470612470711077,825
NO,long,41,false,103,214829.0,9705.227518536814,0.47998157856265156,0.04517652420546953,833
NO,long,41,false,104,216295.0,9992.678689708642,0.48250500674595087,0.04619930506811828,841
NO,long,41,false,105,217741.0,10165.45910511709,0.4799555762567087,0.0466860127634074,849
NO,long,41,false,106,219024.0,10325.802554892107,0.48056045771359923,0.04714461682232133,857
NO,long,41,false,107,220475.0,10647.883269773567,0.4848321313984868,0.04829519569009442,865
NO,long,41,false,108,221626.0,10751.26458456795,0.4856694486410964,0.04851084522830332,873
NO,long,41,false,109,223170.0,11036.414156625662,0.48607857989983094,0.04945294688634522,881
NO,long,41,false,110,224529.0,11281.1034460719,0.4886132816212708,0.05024341375088252,889
NO,long,41,false,111,225859.0,11471.817710171417,0.4893702632101108,0.050791944134045655,897
NO,long,41,false,112,227096.0,11604.728406909617,0.48958901434036267,0.05110054077090577,905
NO,long,41,false,113,228284.0,11710.599491729126,0.4896759143520438,0.051298380489780825,913
NO,long,41,false,114,229680.0,11910.067583051235,0.4894213101726417,0.05185504868970409,921
NO,long,41,false,115,230942.0,12047.045561047637,0.48929960444529613,0.052164810043420586,929
NO,long,41,false,116,232038.0,12126.670138055557,0.490144704662526,0.05226156982069987,937
NO,long,41,false,117,233338.0,12332.254936068894,0.4920109689235545,0.05285146412529847,945
NO,long,41,false,118,234376.0,12367.507595336445,0.492199928178312,0.05276780726412451,953
NO,long,41,false,119,235868.0,12706.675884126966,0.4955222042712228,0.05387197875136503,961
NO,long,41,false,120,237342.0,13052.35501124667,0.49930588008288396,0.0549938696532711,969
NO,long,41,false,121,239018.0,13589.224260250701,0.5062860646120003,0.056854396992070476,977
NO,long,41,false,122,240321.0,13720.832176898317,0.5050365200566224,0.05709377115149453,985
NO,long,41,false,123,241728.0,14016.863256113471,0.5078757656477941,0.05798609700205798,993
NO,long,41,false,124,243255.0,14282.292709085646,0.5073638617792414,0.05871325444116522,1001
NO,long,41,false,125,244679.0,14579.000819278002,0.509790923116232,0.05958419324616335,1009
NO,long,41,false,126,245855.0,14680.866085099464,0.5097876965448803,0.05971351440930412,1017
NO,long,41,false,127,247231.0,14931.500818972416,0.5113877943342837,0.060394937604800435,1025
NO,long,41,false,128,248484.0,15062.869335652163,0.5110388239407011,0.06061907139152687,1033
NO,long,41,false,129,249851.0,15311.590887696671,0.51267631713978,0.061282888152125355,1041
NO,long,41,false,130,251441.0,15673.729064467612,0.5142299561833206,0.062335613780042286,1049
NO,long,41,false,131,252969.0,16047.646290808352,0.517132195501687,0.06343720491763162,1057
NO,long,41,false,132,254586.0,16428.012904093564,0.5186756197421641,0.06452834367990999,1065
NO,long,41,false,133,256239.0,16742.61444466046,0.5175460415660111,0.06533983681118198,1073
NO,long,41,false,134,257537.0,16938.731681064026,0.5184479579169939,0.06577203151804993,1081
NO,long,41,false,135,258999.0,17175.280215239178,0.5179829970215085,0.06631407926377776,1089
NO,long,41,false,136,260446.0,17476.09584789233,0.5196733726216162,0.06710064983870873,1097
NO,long,41,false,137,261946.0,17856.75649037009,0.5228459136933825,0.0681696093483775,1105
NO,long,41,false,138,263723.0,18505.144191197694,0.5294142069919807,0.07016886730090927,1113
NO,long,41,false,139,265013.0,18699.495561934727,0.530211397355527,0.07056067272901603,1121
NO,long,41,false,140,266509.0,19018.170270093022,0.5314119333322069,0.07136033030814352,1129
NO,long,41,false,141,268090.0,19238.84067301503,0.5286412407060432,0.07176261954200093,1137
NO,long,41,false,142,269597.0,19517.446006584843,0.5285842814046378,0.07239489314267163,1145
NO,long,41,false,143,271402.0,20012.339583874145,0.5300860748516448,0.07373689060461656,1153
NO,long,41,false,144,273016.0,20413.23787402721,0.5317193580273296,0.07476938301794478,1161
NO,long,41,false,145,274576.0,20840.14595889132,0.5347054768156849,0.07589937197311972,1169
NO,long,41,false,146,275868.0,21076.836207305198,0.5364291111782646,0.07640188861087621,1177
NO,long,41,false,147,277436.0,21342.173925484836,0.5351195728878178,0.07692647646839212,1185
NO,long,41,false,148,278660.0,21401.89978493223,0.5333009340642453,0.07680291317351694,1193
NO,long,41,false,149,279878.0,21648.75898941388,0.5362187350311812,0.07735069919541329,1201
NO,long,41,false,150,281730.0,22135.520976109812,0.5366316995832581,0.07856998181276333,1209
NO,long,41,false,151,283279.0,22504.89299544504,0.5381113527675635,0.07944426870839363,1217
NO,long,41,false,152,284765.0,22932.32473965434,0.5417255206381542,0.08053069983900529,1225
NO,long,41,false,153,286242.0,23240.43661505897,0.5425825091648722,0.08119156732785185,1233
NO,long,41,false,154,287871.0,23622.23631596604,0.5432147430429574,0.08205840920400471,1241
NO,long,41,false,155,288974.0,23697.729603117998,0.5433638961575218,0.08200644211284751,1249
NO,long,41,false,156,290307.0,23961.774128334477,0.5449573374649642,0.08253942939141831,1257
NO,long,41,false,157,291965.0,24525.0056886219,0.5492476415081496,0.08399981397983286,1265
NO,long,41,false,158,293573.0,25048.493671421726,0.5531422504951358,0.08532287939088992,1273
NO,long,41,false,159,294999.0,25402.323444407753,0.5554362934448716,0.08610986289583271,1281
NO,long,41,false,160,296506.0,25679.696022790533,0.5550566523892907,0.08660767749317226,1289
NO,long,41,false,161,297823.0,25896.123295197325,0.5556392587906562,0.0869513882245405,1297
NO,long,41,false,162,299224.0,26111.756971523846,0.5552030994774477,0.08726491515227337,1305
NO,long,41,false,163,300581.0,26360.31064234335,0.555983941667581,0.08769786061774812,1313
NO,long,41,false,164,302067.0,26664.70094138378,0.5564187834686319,0.08827412773121122,1321
NO,long,41,false,165,303388.0,26843.47401084513,0.5561454826453919,0.08847902359633582,1329
NO,long,41,false,166,305039.0,27201.50715345159,0.5557906737250539,0.0891738667955625,1337
NO,long,41,false,167,306552.0,27529.997834603702,0.5563976198913418,0.08980531144668344,1345
NO,long,41,false,168,308339.0,28117.209169566486,0.5591013952985978,0.09118927274709487,1353
NO,long,41,false,169,309641.0,28296.328463922066,0.5590392062573507,0.09138430784011828,1361
NO,long,41,false,170,311356.0,28821.717283663576,0.5612251442637246,0.09256836959513733,1369
NO,long,41,false,171,312973.0,29269.282068471424,0.5629141100944577,0.09352015051928257,1377
NO,long,41,false,172,314445.0,29637.323761904874,0.5646064878820558,0.0942528065700039,1385
NO,long,41,false,173,315876.0,29875.00653485388,0.564243612194343,0.0945782729135923,1393
NO,long,41,false,174,317374.0,30174.08048508186,0.5643284984772833,0.09507420420413096,1401
NO,long,41,false,175,318974.0,30702.41321740201,0.567585699025789,0.09625365458439249,1409
NO,long,41,false,176,320424.0,31016.45132592841,0.5684104188599045,0.09679815284101194,1417
NO,long,41,false,177,321539.0,31108.77128578708,0.5686537360762454,0.09674960513588422,1425
NO,long,41,false,178,322998.0,31454.957142185824,0.5699497570564029,0.0973843712412641,1433
NO,long,41,false,179,324352.0,31713.21699334133,0.5707203374906209,0.09777407567501151,1441
NO,long,41,false,180,325856.0,31992.188871034996,0.5703215771643639,0.09817891605812075,1449
NO,long,41,false,181,327238.0,32251.827795626396,0.5708187075560857,0.09855770966582852,1457
NO,long,41,false,182,328443.0,32412.677202840907,0.5713498537430091,0.09868585173939133,1465
NO,long,41,false,183,329785.0,32609.52267263697,0.5711349774526582,0.09888115794422721,1473
NO,long,41,false,184,331081.0,32849.43528308912,0.572130334455363,0.09921872678616146,1481
NO,long,41,false,185,332302.0,33004.90619615243,0.5723956607785579,0.09932202092118744,1489
NO,long,41,false,186,333844.0,33413.32401219748,0.5738458792690243,0.10008663930517692,1497
NO,long,41,false,187,335502.0,33923.12918187313,0.575856476631298,0.10111155576381999,1505
NO,long,41,false,188,336621.0,33989.68068638385,0.5755889840544579,0.10097314394046673,1513
NO,long,41,false,189,338028.0,34354.704531250776,0.5775550078383871,0.10163271838797608,1521
NO,long,41,false,190,339601.0,34697.656387909534,0.5775242408107446,0.102171832202819,1529
NO,long,41,false,191,340864.0,34855.74883970726,0.5773973998990717,0.10225705512963311,1537
NO,long,41,false,192,342335.0,35191.210021652776,0.5782131711355654,0.10279758137979692,1545
NO,long,41,false,193,343647.0,35364.54212735976,0.5778708802143822,0.10290950343625802,1553
NO,long,41,false,194,345030.0,35578.98661244403,0.5775340737349896,0.1031185305986263,1561
NO,long,41,false,195,346425.0,35899.404684467736,0.5787986051281396,0.10362821587491589,1569
NO,long,41,false,196,347935.0,36157.15080165297,0.5779780491967929,0.10391926883369873,1577
NO,long,41,false,197,349607.0,36556.01127190769,0.5779241039603454,0.10456315597773412,1585
NO,long,41,false,198,351104.0,36941.02431037394,0.5792398951058243,0.10521390901377922,1593
NO,long,41,false,199,352670.0,37425.741788348285,0.5814610702765212,0.10612113814145883,1601
NO,long,41,false,200,353998.0,37684.022301549536,0.5822893876655212,0.1064526418272124,1609
NO,long,41,false,201,355239.0,37860.08482195162,0.5826241854967779,0.10657637484046407,1617
NO,long,41,false,202,356908.0,38376.206163819115,0.5843350767235496,0.10752408509705334,1625
NO,long,41,false,203,358364.0,38689.82988617545,0.5848360650922145,0.10796237871598557,1633
NO,long,41,false,204,359763.0,38928.507213615165,0.5847052662082844,0.10820597786213469,1641
NO,long,41,false,205,361389.0,39349.332395990124,0.5853116617479343,0.1088835919078614,1649
NO,long,41,false,206,362814.0,39643.71816865273,0.5857783023575621,0.10926733303745922,1657
NO,long,41,false,207,364342.0,40034.58565516249,0.5867678795697209,0.10988188475433107,1665
NO,long,41,false,208,366060.0,40578.80210767665,0.5883458570656748,0.1108528714081753,1673
NO,long,41,false,209,367832.0,41155.28981555464,0.5898962233656979,0.1118861051119931,1681
NO,long,41,false,210,369548.0,41699.63726600959,0.5914254934405037,0.11283956959856253,1689
NO,long,41,false,211,370978.0,41934.03147295661,0.5909447650534323,0.11303643739778803,1697
NO,long,41,false,212,372604.0,42335.7127971932,0.5911900796971582,0.11362119783253319,1705
NO,long,41,false,213,374033.0,42611.18784303929,0.5912964565253009,0.11392360525151334,1713
NO,long,41,false,214,375586.0,43072.72167928129,0.5929533139588014,0.11468138237123134,1721
NO,long,41,false,215,377167.0,43478.829899494085,0.5936000586993704,0.11527739674863942,1729
NO,long,41,false,216,378598.0,43767.17837046745,0.5938478225596322,0.115603300520519,1737
NO,long,41,false,217,380371.0,44261.62212829157,0.5941316831095006,0.11636434462220194,1745
NO,long,41,false,218,381690.0,44543.16918262589,0.5951706842856975,0.11669985900239957,1753
NO,long,41,false,219,383268.0,44974.57476651572,0.5961397978144523,0.11734497731747946,1761
NO,long,41,false,220,384724.0,45338.22397632086,0.5971605966086807,0.11784610259906027,1769
NO,long,41,false,221,386373.0,45838.837594041834,0.5984494959794484,0.11863882205547964,1777
NO,long,41,false,222,387919.0,46217.45408420388,0.5989354648965072,0.11914202213401219,1785
NO,long,41,false,223,389337.0,46493.88469178491,0.5990862371377295,0.11941809972282344,1793
NO,long,41,false,224,390907.0,46855.953831968036,0.599165671363495,0.11986470907905981,1801
NO,long,41,false,225,392494.0,47311.48920081859,0.6003005747886592,0.12054066864924966,1809
NO,long,41,false,226,393789.0,47510.87038100051,0.6004002221730843,0.12065057779927958,1817
NO,long,41,false,227,395120.0,47733.016330892606,0.6005134969352549,0.12080637864672152,1825
NO,long,41,false,228,396301.0,47875.11190113139,0.6007517931678386,0.12080492328086831,1833
NO,long,41,false,229,398041.0,48335.52167165115,0.6007696339819423,0.12143352486716481,1841
NO,long,41,false,230,399557.0,48734.22119750333,0.6016867647476829,0.12197063547254416,1849
NO,long,41,false,231,401089.0,49047.209913665065,0.6014225268989732,0.12228510358963987,1857
NO,long,41,false,232,402642.0,49479.29669872944,0.6024582875565201,0.12288657591291878,1865
NO,long,41,false,233,404119.0,49815.84152143403,0.6028783918847154,0.12327022862432607,1873
NO,long,41,false,234,405652.0,50232.13030483138,0.6038459170883838,0.12383059939266015,1881
NO,long,41,false,235,407159.0,50660.99776772238,0.6051386531895456,0.1244255874676045,1889
NO,long,41,false,236,408614.0,50972.56176341217,0.6053964127393158,0.12474502039433835,1897
NO,long,41,false,237,410199.0,51369.13963183497,0.6057252981137534,0.12522980219804283,1905
NO,long,41,false,238,411607.0,51690.50069254424,0.6064255460304587,0.125582171081989,1913
NO,long,41,false,239,412769.0,51819.88463189054,0.6066197395566884,0.12554209408141245,1921
NO,long,41,false,240,413970.0,51943.98032574724,0.606475035619181,0.12547764409437215,1929
NO,long,41,false,241,415579.0,52334.67595434945,0.6065538113899707,0.12593195506594282,1937
NO,long,41,false,242,416950.0,52528.01287990851,0.6060202000520151,0.12598156344863534,1945
NO,long,41,false,243,418594.0,53037.101643832364,0.607213940624333,0.12670296670241896,1953
NO,long,41,false,244,420034.0,53340.961034484426,0.6074657613056114,0.1269920078719447,1961
NO,long,41,false,245,421564.0,53730.65257568237,0.6080673197569386,0.12745550515623338,1969
NO,long,41,false,246,423276.0,54316.926704732505,0.6096244256920111,0.12832508033702006,1977
NO,long,41,false,247,424625.0,54584.6314953257,0.6100750122421059,0.12854785162278645,1985
NO,long,41,false,248,426217.0,54951.985576753155,0.609981191465602,0.12892959590244676,1993
NO,long,41,false,249,427661.0,55157.21108533619,0.6090950471016409,0.12897414327080606,2001
NO,long,41,false,250,429254.0,55579.801619809456,0.6096081254297814,0.12947998532293106,2009
NO,long,41,false,251,430968.0,56115.20298938416,0.6105384882047216,0.13020735411767037,2017
NO,long,41,false,252,432467.0,56434.86957095109,0.610542328266126,0.13049520442242088,2025
NO,long,41,false,253,434233.0,56948.40415023069,0.6108770718938331,0.13114711261058162,2033
NO,long,41,false,254,435696.0,57279.72449204826,0.611238002924398,0.13146718007979935,2041
NO,long,41,false,255,437413.0,57801.86432950687,0.6119707822969007,0.13214482498121197,2049
NO,long,41,false,256,438856.0,58040.01412557101,0.6114688747834576,0.13225298076264427,2057
NO,long,41,false,257,440399.0,58333.43214470714,0.6109108366117246,0.13245586875698434,2065
NO,long,41,false,258,441771.0,58660.87800748683,0.611802820211164,0.1327857147877222,2073
NO,long,41,false,259,443368.0,59039.98912050289,0.6117943392485508,0.1331624950842255,2081
NO,long,41,false,260,444948.0,59324.760884893534,0.6109215698651337,0.13332964949812906,2089
NO,long,41,false,261,446518.0,59771.85936619216,0.6117834962404906,0.13386214971443966,2097
NO,long,41,false,262,447725.0,59957.22076401306,0.6122331900095276,0.13391528452512827,2105
NO,long,41,false,263,449144.0,60259.34428470214,0.6125473370744817,0.1341648653543232,2113
NO,long,41,false,264,450738.0,60711.9635839756,0.6132955217437153,0.1346945755271923,2121
NO,long,41,false,265,452305.0,61045.704554297554,0.6130071553090612,0.13496579643005838,2129
NO,long,41,false,266,453495.0,61204.8620122141,0.6132874607929427,0.13496259498387878,2137
NO,long,41,false,267,455274.0,61769.58998477827,0.6140057254379009,0.13567563705543972,2145
NO,long,41,false,268,456990.0,62259.85389215055,0.6143599717009952,0.13623898529978895,2153
NO,long,41,false,269,458711.0,62722.67046834886,0.6144101097932023,0.13673679172365358,2161
NO,long,41,false,270,460373.0,63118.43695463307,0.6141598582749491,0.1371028208748842,2169
NO,long,41,false,271,461669.0,63319.36559340134,0.6142025141951009,0.13715316729821872,2177
NO,long,41,false,272,463521.0,64003.43056908192,0.6156070191701477,0.1380809727479055,2185
NO,long,41,false,273,465096.0,64434.40707589362,0.6162021199412206,0.13854001555784962,2193
NO,long,41,false,274,466538.0,64754.82568699815,0.616518862519381,0.1387986095173344,2201
NO,long,41,false,275,467805.0,64967.712692039844,0.6168367389392716,0.13887776464988583,2209
NO,long,41,false,276,469421.0,65297.874534790615,0.6162269689214319,0.1391030110173823,2217
NO,long,41,false,277,471034.0,65743.41574227957,0.6167241934154424,0.13957254835591396,2225
NO,long,41,false,278,472647.0,66206.29755554737,0.617377212886732,0.14007556919973546,2233
NO,long,41,false,279,474055.0,66502.38501674784,0.6176500883881103,0.1402841126382969,2241
NO,long,41,false,280,475393.0,66746.50784472749,0.6178401570342814,0.14040279904148248,2249
NO,long,41,false,281,476712.0,66956.93688528208,0.6178264072459707,0.14045574033228045,2257
NO,long,41,false,282,478212.0,67296.76455972614,0.61797412795091,0.14072579642444386,2265
NO,long,41,false,283,479883.0,67782.77947040753,0.6184898760005797,0.14124855323153254,2273
NO,long,41,false,284,481538.0,68257.17901530182,0.618983604466205,0.14174827119625413,2281
NO,long,41,false,285,483132.0,68776.43919841689,0.6202166018740646,0.14235537947893515,2289
NO,long,41,false,286,484688.0,69290.9743502872,0.621605389296653,0.14295995434235467,2297
NO,long,41,false,287,486361.0,69729.44668210899,0.6216518675746112,0.14336973293933722,2305
NO,long,41,false,288,488007.0,70291.02434625175,0.622937524116448,0.14403691821275463,2313
NO,long,41,false,289,489770.0,70932.36900845346,0.6242672740017906,0.1448279172028778,2321
NO,long,41,false,290,491563.0,71462.34236209259,0.6244415718188479,0.14537778954496694,2329
NO,long,41,false,291,493184.0,72007.611292338,0.6256798013010852,0.14600557052203234,2337
NO,long,41,false,292,494681.0,72474.94441208743,0.6269025016615409,0.14650844566920385,2345
NO,long,41,false,293,496257.0,72848.0856057403,0.6268766832381617,0.1467950791741785,2353
NO,long,41,false,294,497741.0,73225.10253547387,0.6273784445617899,0.14711487005385104,2361
NO,long,41,false,295,499102.0,73487.76198873195,0.6275587910328003,0.14723996695812067,2369
NO,long,41,false,296,500759.0,73961.12584541105,0.6279493118253303,0.14769804605690773,2377
IO,protocol,11,false,0,94574.0,566.7269885260139,0.28336349426300694,0.005992418513820013,14
IO,protocol,11,false,1,95666.0,897.0934499396961,0.42395720696582995,0.00937734879622537,22
IO,protocol,11,false,2,96676.0,1117.802974204288,0.5199083600950176,0.011562362677441018,30
IO,protocol,11,false,3,97670.0,1188.7279576366361,0.5483062535224337,0.012170860629022588,38
IO,protocol,11,false,4,98715.0,1326.4064787057364,0.5929398653132483,0.013436726725479778,46
IO,protocol,11,false,5,99702.0,1051.6122635880042,0.46779904963879193,0.010547554347836595,54
IO,protocol,11,false,6,100722.0,1481.3156504655901,0.6462982768174477,0.014706972165620124,62
IO,protocol,11,false,7,101858.0,1336.474441289925,0.5450548292373266,0.013120957031258467,70
IO,protocol,11,false,8,102859.0,1341.7746273108662,0.5416934304848067,0.013044795567824558,78
IO,protocol,11,false,9,103922.0,1660.6857190455808,0.6476933381613029,0.015980117001651053,86
IO,protocol,11,false,10,104977.0,1708.382237235741,0.6463799611183281,0.016273871774157588,94
IO,protocol,11,false,11,106042.0,1727.8148925592325,0.6324359050363223,0.016293684507640675,102
IO,protocol,11,false,12,107054.0,1789.6308135093038,0.6465429239556734,0.01671708496188189,110
IO,protocol,11,false,13,108091.0,1833.6356170648928,0.6481568105566959,0.016963813981412817,118
IO,protocol,11,false,14,109163.0,1794.9288959632743,0.6136509046028288,0.01644264902909662,126
IO,protocol,11,false,15,110186.0,1784.9736062787579,0.6005967719645888,0.01619964066468297,134
IO,protocol,11,false,16,111207.0,1920.0837991013912,0.6364215442828608,0.01726585376011754,142
IO,protocol,11,false,17,112230.0,1958.6299137197066,0.6392395279764055,0.017451928305441563,150
IO,protocol,11,false,18,113239.0,1968.58394672202,0.6356422172173135,0.017384328250179003,158
IO,protocol,11,false,19,114268.0,1959.038299434694,0.6219169204554584,0.017144242477637607,166
IO,protocol,11,false,20,115391.0,2018.0695478172745,0.6120926744972018,0.017488968358167226,174
IO,protocol,23,false,0,94574.0,414.1071538837362,0.2070535769418681,0.004378657494488297,14
IO,protocol,23,false,1,95635.0,63.61100764655587,0.030508876569091545,0.0006651435943593441,22
IO,protocol,23,false,2,96621.0,1205.891514843438,0.5756045416913785,0.012480635833239544,30
IO,protocol,23,false,3,97630.0,716.9758372615555,0.33692473555524227,0.00734380658876939,38
IO,protocol,23,false,4,98625.0,1286.7642838006066,0.5993312919425275,0.013047039632959256,46
IO,protocol,23,false,5,99645.0,1151.0514505515293,0.525354381812656,0.011551522410071046,54
IO,protocol,23,false,6,100659.0,1062.1566058183146,0.4765170954770366,0.010552028192395261,62
IO,protocol,23,false,7,101649.0,1557.1823519772993,0.6942409059194379,0.015319209750979343,70
IO,protocol,23,false,8,102672.0,1605.9513181672676,0.701288785225881,0.01564157042004897,78
IO,protocol,23,false,9,103683.0,1656.0853300206156,0.7122947656002648,0.01597258306588945,86
IO,protocol,23,false,10,104731.0,1519.830519753487,0.6340552856710416,0.014511754110564082,94
IO,protocol,23,false,11,105768.0,1742.14473536346,0.7087651486425793,0.016471378255837874,102
IO,protocol,23,false,12,106936.0,1671.0880933663273,0.6305992805155952,0.015626992718694614,110
IO,protocol,23,false,13,107944.0,1799.0192406513615,0.6707752575135576,0.016666227309080277,118
IO,protocol,23,false,14,108954.0,1332.813216582976,0.4907265156785626,0.01223280665769936,126
IO,protocol,23,false,15,109972.0,1863.760057890977,0.6757650681258074,0.01694758718483775,134
IO,protocol,23,false,16,110989.0,1731.5666567984654,0.6186376051441462,0.015601245680188716,142
IO,protocol,23,false,17,111974.0,1943.4418581721068,0.6921089238504654,0.017356188563167403,150
IO,protocol,23,false,18,113015.0,1864.8521712019326,0.6490957783508293,0.016500926170879376,158
IO,protocol,23,false,19,114025.0,1809.4254738161335,0.6224373834936819,0.01586867330687247,166
IO,protocol,23,false,20,115086.0,1957.6505328415358,0.6542949641850053,0.01701032734512917,174
IO,protocol,41,false,0,94574.0,28.3304048401987,0.01416520242009935,0.0002995580692388891,14
IO,protocol,41,false,1,95594.0,812.3230945845839,0.397418343730227,0.008497636824325626,22
IO,protocol,41,false,2,96623.0,1088.3333028823456,0.5189953757188105,0.011263708463640599,30
IO,protocol,41,false,3,97683.0,1264.8705435756535,0.5799498136522941,0.012948727450791371,38
IO,protocol,41,false,4,98713.0,1146.1536542132112,0.5128204269410341,0.011610969722460174,46
IO,protocol,41,false,5,99689.0,1463.4410915779686,0.6547834861646392,0.014680065920793352,54
IO,protocol,41,false,6,100708.0,1485.8405475321367,0.6522566055891733,0.014753947526831401,62
IO,protocol,41,false,7,101750.0,1553.4024359148602,0.6627143497930291,0.015266854407025653,70
IO,protocol,41,false,8,102759.0,1565.1234557277976,0.6584448698896919,0.01523101096476024,78
IO,protocol,41,false,9,103752.0,1603.8425238376913,0.6699425747024609,0.015458425127589746,86
IO,protocol,41,false,10,104751.0,1529.9458286049924,0.6329937230471627,0.014605548668795452,94
IO,protocol,41,false,11,105828.0,1664.8422946138535,0.661176447424088,0.015731586107777275,102
IO,protocol,41,false,12,106838.0,1442.1170616625373,0.5650928925009943,0.013498166023910381,110
IO,protocol,41,false,13,107834.0,1763.224431637,0.6855460465151633,0.01635128467493555,118
IO,protocol,41,false,14,108856.0,1791.2175911776776,0.6841931211526653,0.016454927529742758,126
IO,protocol,41,false,15,109840.0,1815.934924439319,0.6915212964353843,0.01653254665367188,134
IO,protocol,41,false,16,110823.0,1834.3474925557434,0.6966758422163857,0.01655204689058899,142
IO,protocol,41,false,17,111839.0,1846.98133787819,0.6909769314920277,0.016514644604102235,150
IO,protocol,41,false,18,112869.0,1794.465204751307,0.6580363787133506,0.01589865423412369,158
IO,protocol,41,false,19,113875.0,1829.6934153008986,0.6636537596303586,0.016067560178273533,166
IO,protocol,41,false,20,114864.0,1248.9451998714646,0.4508827436359078,0.010873251844541933,174
IO,long,11,false,0,94574.0,404.492757660455,0.2022463788302275,0.004276997458714393,14
IO,long,11,false,1,95595.0,919.1182577965405,0.4494465808296042,0.00961471057896899,22
IO,long,11,false,2,96589.0,1173.0505767076916,0.5686139489615567,0.012144763655361289,30
IO,long,11,false,3,97578.0,1306.6555301239619,0.6294101782870721,0.01339088247477876,38
IO,long,11,false,4,98558.0,1403.5406409732238,0.6747791543140499,0.014240758142141924,46
IO,long,11,false,5,99653.0,1206.9629718015274,0.5488690185545827,0.012111657168389585,54
IO,long,11,false,6,100636.0,1511.5870185685649,0.6852162368851156,0.015020340818082643,62
IO,long,11,false,7,101639.0,655.5910216769071,0.2935920383685209,0.006450191576824911,70
IO,long,11,false,8,102660.0,1395.7927837482282,0.6127272975189764,0.013596267131777013,78
IO,long,11,false,9,103703.0,1444.8484917069275,0.616140081751355,0.013932562140988472,86
IO,long,11,false,10,104715.0,1665.0013655969656,0.6992865878189691,0.015900313857584544,94
IO,long,11,false,11,105936.0,1367.9824299181284,0.5209377113168806,0.012913291326066006,102
IO,long,11,false,12,106953.0,1753.1657203667453,0.6573549757655588,0.01639192655060396,110
IO,long,11,false,13,107941.0,1760.3259517491488,0.6570832220041616,0.01630822349013951,118
IO,long,11,false,14,108931.0,1804.60978275524,0.6701113192555663,0.01656654012866163,126
IO,long,11,false,15,109953.0,1830.8079337581614,0.6684220276590586,0.016650822931235723,134
IO,long,11,false,16,111031.0,167.84994944669666,0.0590812916039059,0.0015117395092064077,142
IO,long,11,false,17,112029.0,1891.9245685165624,0.6608189201943984,0.01688781091071564,150
IO,long,11,false,18,113045.0,1910.2308862461023,0.6580195956755434,0.01689796882875052,158
IO,long,11,false,19,114056.0,1912.7684790495625,0.6510444108405591,0.016770432761534355,166
IO,long,11,false,20,115058.0,1907.6198662192273,0.6435964460928567,0.016579636932844543,174
IO,long,11,false,21,116133.0,1733.9043190925136,0.5660804175946829,0.014930332628042964,182
IO,long,11,false,22,117161.0,2022.7362113063807,0.6493535188784528,0.017264586434960275,190
IO,long,11,false,23,118183.0,2042.953649844347,0.6462997943196289,0.017286358019718125,198
IO,long,11,false,24,119275.0,2092.2586272753,0.6384676921804394,0.017541468264726894,206
IO,long,11,false,25,120267.0,2077.0543065067436,0.6307483469501195,0.017270359338029083,214
IO,long,11,false,26,121261.0,2092.1547441521534,0.6318800193754616,0.017253319238272433,222
IO,long,11,false,27,122283.0,2173.9161731617355,0.6475770548590216,0.017777746482845004,230
IO,long,11,false,28,123353.0,2170.616259714199,0.6289818196795708,0.017596785321104463,238
IO,long,11,false,29,124430.0,2245.666615376618,0.6322259615362101,0.01804763011634347,246
IO,long,11,false,30,125494.0,2296.364802625698,0.6308694512707961,0.01829860234453996,254
IO,long,11,false,31,126570.0,2336.7401842685645,0.6247968407135199,0.01846203827343418,262
IO,long,11,false,32,127645.0,2378.760817491333,0.6196303249521576,0.018635753985595464,270
IO,long,11,false,33,128668.0,2420.926797754441,0.6229868239203399,0.018815298269612032,278
IO,long,11,false,34,129690.0,2277.6519177404834,0.5792604063429511,0.01756227864708523,286
IO,long,11,false,35,130720.0,2475.693343005314,0.6210971758668625,0.01893890256277015,294
IO,long,11,false,36,131869.0,2530.0427789458386,0.6083295933988552,0.019186031432299012,302
IO,long,11,false,37,132979.0,2543.117692719885,0.5923870702818274,0.01912420527090657,310
IO,long,11,false,38,134112.0,2649.993934715907,0.5955042549923386,0.019759558687633523,318
IO,long,11,false,39,135145.0,2632.914425875299,0.5841833649601285,0.019482144554924703,326
IO,long,11,false,40,136219.0,2644.9364165682614,0.5743618711331729,0.019416795135541013,334
IO,long,11,false,41,137204.0,2735.396040757296,0.5928469962629597,0.019936707681680533,342
IO,long,11,false,42,138245.0,2397.5748276059335,0.5124118032925696,0.017342940631530496,350
IO,long,11,false,43,139291.0,2799.630318235412,0.5895199659371261,0.020099147240205124,358
IO,long,11,false,44,140364.0,2811.784198048987,0.5802278576246362,0.02003208941073913,366
IO,long,11,false,45,141397.0,2886.050287153128,0.5886294691317822,0.02041097256061393,374
IO,long,11,false,46,142586.0,2653.734387931405,0.5187127419725185,0.01861146527661485,382
IO,long,11,false,47,143661.0,3004.7253635265565,0.5761697724883138,0.020915386663927973,390
IO,long,11,false,48,144689.0,3006.332885465215,0.5707865740393421,0.02077789524749784,398
IO,long,11,false,49,145755.0,3065.3108837626187,0.5722066238123238,0.021030571052537604,406
IO,long,11,false,50,146821.0,3105.525249569392,0.5701349824801528,0.021151778353024377,414
IO,long,11,false,51,147861.0,3134.465228129687,0.5687652382743036,0.021198728725828224,422
IO,long,11,false,52,148967.0,3207.5631589757672,0.5686160537095847,0.021532038364038796,430
IO,long,11,false,53,149987.0,3234.570613773184,0.568965807172064,0.021565673116824686,438
IO,long,11,false,54,151139.0,3300.5023845865035,0.5631295657032083,0.021837529589229143,446
IO,long,11,false,55,152157.0,3319.1284193366023,0.5622782346834834,0.021813839779547456,454
IO,long,11,false,56,153237.0,3378.3536814507197,0.5624028102964408,0.02204659241208533,462
IO,long,11,false,57,154264.0,3411.8498314037033,0.5631973970623478,0.02211695425636379,470
IO,long,11,false,58,155412.0,3400.1763983378246,0.5457747027829574,0.021878467546507508,478
IO,long,11,false,59,156541.0,3499.3796188035712,0.5482343128315167,0.02235439673186942,486
IO,long,11,false,60,157702.0,3577.687502380383,0.5447149059653446,0.022686380022957118,494
IO,long,11,false,61,158812.0,3654.2438859853773,0.5452467749903577,0.023009872591399753,502
IO,long,11,false,62,159913.0,3734.2081455801995,0.5469764384913138,0.023351498287069842,510
IO,long,11,false,63,160964.0,3782.772258899787,0.5480690030280769,0.02350073469160674,518
IO,long,11,false,64,162040.0,3811.3825436413986,0.5443276983206796,0.023521245023706484,526
IO,long,11,false,65,163166.0,3875.9627958343617,0.5419411068001065,0.023754720933493262,534
IO,long,11,false,66,164208.0,3921.96931532938,0.5433595615585176,0.023884154945735776,542
IO,long,11,false,67,165245.0,3964.484080669878,0.5446468032243272,0.023991552426214882,550
IO,long,11,false,68,166330.0,4011.3788787304607,0.5429587004237223,0.024116989591357305,558
IO,long,11,false,69,167344.0,4032.3317072212194,0.5430018458418017,0.024096063839882036,566
IO,long,11,false,70,168406.0,4066.9169270139064,0.5413893672808715,0.024149477613706793,574
IO,long,11,false,71,169619.0,4106.3484728051,0.5299197925932507,0.024209248213968363,582
IO,long,11,false,72,170646.0,4191.981161266173,0.537433482213612,0.024565364328880686,590
IO,long,11,false,73,171698.0,4180.46744074262,0.5307856070013484,0.02434779345561754,598
IO,long,11,false,74,172750.0,4152.331945144041,0.5221745403853171,0.02403665380691196,606
IO,long,11,false,75,173826.0,4316.8768835452875,0.5361247992480486,0.024834471733488014,614
IO,long,11,false,76,174888.0,4361.369767522045,0.5359264890049207,0.024938073324196314,622
IO,long,11,false,77,176047.0,4351.222631069299,0.5229206382729598,0.02471625549466505,630
IO,long,11,false,78,177078.0,4132.972544796313,0.4934303420243927,0.02333984201762112,638
IO,long,11,false,79,178265.0,4527.18280496729,0.5272135559528695,0.02539580290560284,646
IO,long,11,false,80,179317.0,4592.901269063227,0.5301744510057979,0.025613306429748586,654
IO,long,11,false,81,180419.0,4649.712332901122,0.5290376985892732,0.025771744289133196,662
IO,long,11,false,82,181528.0,4723.453725628717,0.5294164677907103,0.026020524247657204,670
IO,long,11,false,83,182699.0,4765.825839869331,0.5227405769298378,0.026085670090527757,678
IO,long,11,false,84,183760.0,4810.695964523503,0.522788085690448,0.026179233590136606,686
IO,long,11,false,85,184858.0,4844.345792952903,0.5195566058508048,0.026205767632198246,694
IO,long,11,false,86,185938.0,4924.968709142881,0.5223768253227494,0.026487155445056317,702
IO,long,11,false,87,187125.0,5057.086475402253,0.5246484568318553,0.02702517822526254,710
IO,long,11,false,88,188464.0,5255.934444718253,0.5254883468024648,0.027888267492562256,718
IO,long,11,false,89,189483.0,5260.007152393956,0.5236443158182136,0.027759784003810135,726
IO,long,11,false,90,190548.0,5331.584046263365,0.5261085500555915,0.027980267681966566,734
IO,long,11,false,91,191599.0,5381.598794056815,0.527142599084809,0.028087822974320404,742
IO,long,11,false,92,192773.0,5447.205135462673,0.5234174243742359,0.02825709583532275,750
IO,long,11,false,93,193884.0,5540.7983053514,0.5255927058766268,0.028577903825748385,758
IO,long,11,false,94,195119.0,5703.85768839789,0.5280860742892223,0.029232712797820255,766
IO,long,11,false,95,196323.0,5816.929153694973,0.5274212669956454,0.02962938195573098,774
IO,long,11,false,96,197485.0,5876.8130478943085,0.5240136467137145,0.029758275554570262,782
IO,long,11,false,97,198598.0,5944.280428778689,0.5236328777993913,0.029931219996065867,790
IO,long,11,false,98,199863.0,6048.995599746945,0.5196285198648695,0.030265710010091637,798
IO,long,11,false,99,201115.0,6157.61897175465,0.5167088169635521,0.030617402837951672,806
IO,long,11,false,100,202245.0,6246.545035394821,0.5174836414045912,0.03088602949588282,814
IO,long,11,false,101,203473.0,6407.767929178439,0.5199844136312942,0.03149198138907098,822
IO,long,11,false,102,204653.0,6538.5211834210795,0.5219542734430493,0.031949305328634714,830
IO,long,11,false,103,205800.0,6588.548200402328,0.5188650338952849,0.032014325560749894,838
IO,long,11,false,104,206834.0,6642.87099086728,0.5207644238685544,0.03211691980461278,846
IO,long,11,false,105,208001.0,6710.516448588731,0.518306669389722,0.032261943205026566,854
IO,long,11,false,106,209267.0,6895.535299014828,0.5209288584282562,0.03295089669663553,862
IO,long,11,false,107,210481.0,7007.930860173128,0.5200690805323286,0.033294838299766386,870
IO,long,11,false,108,211673.0,7155.878402831886,0.5226702507363878,0.03380628801421006,878
IO,long,11,false,109,212837.0,7246.737550089063,0.5221368650543312,0.03404829775879693,886
IO,long,11,false,110,214125.0,7361.88935343957,0.5187717111859327,0.03438126960158585,894
IO,long,11,false,111,215449.0,7504.606251393485,0.5161707305449814,0.03483240233834218,902
IO,long,11,false,112,216696.0,7552.391326858936,0.5099521490114068,0.03485247225079806,910
IO,long,11,false,113,217985.0,7730.202093626002,0.5111553325151096,0.03546208268287269,918
IO,long,11,false,114,219166.0,7784.101437506154,0.5078354278122491,0.03551692067887425,926
IO,long,11,false,115,220313.0,7864.766646842701,0.5074370376697014,0.03569815057142657,934
IO,long,11,false,116,221659.0,8126.9083201055655,0.5121247917389606,0.03666401237985178,942
IO,long,11,false,117,222816.0,8182.827336978715,0.5098334789394838,0.036724594898834534,950
IO,long,11,false,118,224171.0,8341.82826826323,0.5077502141495667,0.03721189747230119,958
IO,long,11,false,119,225372.0,8521.696883648148,0.5116906979493304,0.03781169303927794,966
IO,long,11,false,120,226630.0,8646.100247471522,0.5105160750750781,0.038150731357152724,974
IO,long,11,false,121,227934.0,8885.746011856254,0.5146979849314327,0.03898385502757927,982
IO,long,11,false,122,229173.0,9015.097413848129,0.5143548475978849,0.03933751975079145,990
IO,long,11,false,123,230351.0,9145.285298473662,0.515837627529678,0.03970152201845732,998
IO,long,11,false,124,231467.0,9210.766735795736,0.5154606713188056,0.03979300174882699,1006
IO,long,11,false,125,232685.0,9359.153913674863,0.5167662698732739,0.04022242049842002,1014
IO,long,11,false,126,233848.0,9440.02195386359,0.5159045772140993,0.040368196237999,1022
IO,long,11,false,127,234993.0,9479.192606428593,0.5133044136258511,0.04033819137773718,1030
IO,long,11,false,128,236099.0,9582.511138711816,0.5152718792661083,0.040586834923959085,1038
IO,long,11,false,129,237229.0,9719.214017776758,0.5183304366581386,0.0409697550374396,1046
IO,long,11,false,130,238468.0,9905.779565899617,0.520972944456696,0.0415392403420988,1054
IO,long,11,false,131,239615.0,10018.06749747725,0.5221823037517461,0.041809016536849736,1062
IO,long,11,false,132,241040.0,10202.609934728816,0.5196399070351847,0.042327455753106605,1070
IO,long,11,false,133,242200.0,10414.091251132479,0.525486489612094,0.042997899467929306,1078
IO,long,11,false,134,243335.0,10511.859085909213,0.526198082089864,0.04319912501657884,1086
IO,long,11,false,135,244485.0,10624.36351735657,0.5272375324974726,0.043456095536971884,1094
IO,long,11,false,136,245629.0,10716.711382303347,0.5274231695606746,0.04362966662040454,1102
IO,long,11,false,137,246801.0,10852.38320042377,0.5289974750389359,0.0439722010868018,1110
IO,long,11,false,138,247985.0,10961.869796650786,0.5289711816170818,0.04420376150432803,1118
IO,long,11,false,139,249163.0,11074.035750625346,0.5292251254779138,0.04444494467728092,1126
IO,long,11,false,140,250330.0,11151.252698822342,0.5280949374323898,0.04454620979835554,1134
IO,long,11,false,141,251736.0,11482.641669810344,0.5329361213130207,0.04561382428341733,1142
IO,long,11,false,142,253059.0,11729.036997648283,0.5357437079271129,0.04634902136516893,1150
IO,long,11,false,143,254226.0,11844.878168196969,0.5363556497100601,0.046591922809614154,1158
IO,long,11,false,144,255464.0,12050.50614934407,0.5392690481224411,0.047171054040272095,1166
IO,long,11,false,145,256890.0,12256.677964927989,0.5376679226587116,0.04771177533157378,1174
IO,long,11,false,146,258207.0,12471.013535280243,0.539007370673823,0.048298510634027125,1182
IO,long,11,false,147,259450.0,12608.891386622247,0.5387494183311505,0.048598540707736546,1190
IO,long,11,false,148,260589.0,12714.622318779122,0.5395095819908823,0.04879186120204276,1198
IO,long,11,false,149,261758.0,12817.612299364064,0.5394617971112822,0.04896741379199132,1206
IO,long,11,false,150,263040.0,13032.529529081807,0.5415328483787005,0.04954580873282317,1214
IO,long,11,false,151,264479.0,13358.506276138869,0.5446005249353365,0.05050875977351271,1222
IO,long,11,false,152,265864.0,13577.909532228989,0.5444666586024938,0.05107088410702084,1230
IO,long,11,false,153,267187.0,13867.654870770228,0.54845382126835,0.051902431146613526,1238
IO,long,11,false,154,268429.0,14077.570344541613,0.5509596628132603,0.05244429754065922,1246
IO,long,11,false,155,269611.0,14237.722232375829,0.5527709839024665,0.052808387760053664,1254
IO,long,11,false,156,270929.0,14473.387860601377,0.5545571807579363,0.05342133127351216,1262
IO,long,11,false,157,272481.0,14871.138635041754,0.5574934821009092,0.05457679117091377,1270
IO,long,11,false,158,273917.0,15189.752084566808,0.5597844880990163,0.05545384946741826,1278
IO,long,11,false,159,275270.0,15477.46112488242,0.5625712825269853,0.05622647264461227,1286
IO,long,11,false,160,276509.0,15620.867670171343,0.5624074768738557,0.05649316177835565,1294
IO,long,11,false,161,277763.0,15716.95109473169,0.5602591913425192,0.056584034211654144,1302
IO,long,11,false,162,279138.0,15914.95314558881,0.5593614911285256,0.057014642025051444,1310
IO,long,11,false,163,280597.0,16255.350871834455,0.5617885215771369,0.057931306720436976,1318
IO,long,11,false,164,281933.0,16507.436309146462,0.5634898893717857,0.05855091922246229,1326
IO,long,11,false,165,283366.0,16764.331441885744,0.5634690589501796,0.059161407656125806,1334
IO,long,11,false,166,284578.0,16903.86964868335,0.563687796741475,0.059399776682257065,1342
IO,long,11,false,167,285908.0,17151.273647903574,0.5652650994629086,0.059988785371180846,1350
IO,long,11,false,168,287040.0,17300.320689581753,0.5672608265978671,0.060271462826023386,1358
IO,long,11,false,169,288287.0,17487.262880423998,0.5683403061660761,0.060659214187334144,1366
IO,long,11,false,170,289596.0,17674.6187512558,0.5682791701902064,0.0610319850800971,1374
IO,long,11,false,171,290912.0,17843.879462264777,0.5675173164005082,0.061337722274312424,1382
IO,long,11,false,172,292133.0,18033.015210322214,0.569098217260145,0.06172878521194872,1390
IO,long,11,false,173,293404.0,18247.04871440515,0.570541201751146,0.06219086554513623,1398
IO,long,11,false,174,294532.0,18320.55757227454,0.570130004738736,0.062202265194527394,1406
IO,long,11,false,175,295898.0,18551.643870885448,0.5703985939886068,0.06269607726610335,1414
IO,long,11,false,176,297220.0,18764.99049483664,0.5708850165754986,0.0631350194967924,1422
IO,long,11,false,177,298358.0,18882.02662408757,0.5716283187238911,0.06328647672959187,1430
IO,long,11,false,178,299422.0,18932.62025237266,0.5716370849146335,0.06323055838372818,1438
IO,long,11,false,179,300843.0,19228.49510459188,0.5728733831250373,0.06391538146007013,1446
IO,long,11,false,180,302006.0,19315.301872663425,0.5722713282964987,0.06395668255817244,1454
IO,long,11,false,181,303458.0,19563.997624683532,0.571578754957448,0.06447019892269616,1462
IO,long,11,false,182,304956.0,19942.209454963635,0.5738765310780902,0.06539372714412452,1470
IO,long,11,false,183,306397.0,20301.081076229253,0.576489594667876,0.06625744075898019,1478
IO,long,11,false,184,307582.0,19900.576665337136,0.5617823132717122,0.06470006913713135,1486
IO,long,11,false,185,308690.0,20563.046104095432,0.5783284425721519,0.06661390425376731,1494
IO,long,11,false,186,310004.0,20778.073460920154,0.5788731671287723,0.06702517858130913,1502
IO,long,11,false,187,311273.0,21014.806096862267,0.5807280541869253,0.0675124604346097,1510
IO,long,11,false,188,312534.0,21227.60030305406,0.5820245751001881,0.06792093117246142,1518
IO,long,11,false,189,313856.0,21482.761563859916,0.5834852942544385,0.06844782818827716,1526
IO,long,11,false,190,315131.0,21721.653199314842,0.5852211439317521,0.06892896350823893,1534
IO,long,11,false,191,316321.0,21837.648584433427,0.5849735765029982,0.06903635416059455,1542
IO,long,11,false,192,317446.0,21990.93789033382,0.5867379373087999,0.0692745786380481,1550
IO,long,11,false,193,318626.0,22145.3523364367,0.5876592807673469,0.0695026530679753,1558
IO,long,11,false,194,319912.0,22313.043851404662,0.587278092630538,0.06974744258234972,1566
IO,long,11,false,195,321195.0,22549.534911955125,0.5887453307212638,0.0702051243386576,1574
IO,long,11,false,196,322585.0,22849.05999559368,0.5901862326125192,0.07083112976608857,1582
IO,long,11,false,197,323866.0,23074.140876378933,0.5913413858631198,0.07124595010399033,1590
IO,long,11,false,198,325173.0,23273.880229572165,0.5914431711918926,0.0715738398623876,1598
IO,long,11,false,199,326511.0,23560.01272659996,0.5932569366857191,0.07215687289739078,1606
IO,long,11,false,200,327822.0,23849.201745018865,0.5955154251153332,0.07275046136323635,1614
IO,long,11,false,201,329199.0,24144.21734462023,0.5969051730480415,0.07334231678899458,1622
IO,long,11,false,202,330398.0,24300.406627921624,0.5974726255881595,0.07354889142162369,1630
IO,long,11,false,203,331666.0,24460.109906607337,0.5971123402648016,0.0737492233349434,1638
IO,long,11,false,204,332757.0,24561.716088252182,0.5979141675369941,0.0738127705450289,1646
IO,long,11,false,205,334112.0,24824.987644303586,0.5987984862825892,0.07430139487448396,1654
IO,long,11,false,206,335479.0,25022.75846877987,0.597929663045231,0.07458815147529314,1662
IO,long,11,false,207,336698.0,25211.672474518728,0.5989658955269107,0.07487918691087778,1670
IO,long,11,false,208,337809.0,25303.609906057358,0.5992282166873649,0.07490507921949195,1678
IO,long,11,false,209,339156.0,25601.29031213741,0.6009974719972161,0.0754852938238964,1686
IO,long,11,false,210,340471.0,25847.785859447973,0.6019932892248637,0.075917731200155,1694
IO,long,11,false,211,341710.0,26004.708999237475,0.6019608564638305,0.07610169149055478,1702
IO,long,11,false,212,343007.0,26211.116585430762,0.6022636562907737,0.07641569001632842,1710
IO,long,11,false,213,344309.0,26413.9831663521,0.6024125519728168,0.07671592426091708,1718
IO,long,11,false,214,345542.0,26569.126366844215,0.6024198795312039,0.07689116335161635,1726
IO,long,11,false,215,346922.0,26902.498039530637,0.6044418540381647,0.07754624393820697,1734
IO,long,11,false,216,348174.0,27082.26757281472,0.6047308764919328,0.07778371610980349,1742
IO,long,11,false,217,349515.0,27421.039530556038,0.6073454457586223,0.07845454281091237,1750
IO,long,11,false,218,350906.0,27661.573500937204,0.6070927377082171,0.07882901261573527,1758
IO,long,11,false,219,352137.0,27822.539698047985,0.6072271262587133,0.07901055469333806,1766
IO,long,11,false,220,353437.0,28099.133892736452,0.6089576727290478,0.0795025248990243,1774
IO,long,11,false,221,354715.0,28311.642972597423,0.6095735380040354,0.07981518394372221,1782
IO,long,11,false,222,356088.0,28600.736485199806,0.6105788925579567,0.08031929322302298,1790
IO,long,11,false,223,357430.0,28916.862911442433,0.6125415800593635,0.08090217080671022,1798
IO,long,11,false,224,358881.0,29302.545053076494,0.6145281348295303,0.0816497531300807,1806
IO,long,11,false,225,360273.0,29636.908784785064,0.616164759865799,0.0822623643314516,1814
IO,long,11,false,226,361566.0,29886.90344689512,0.6172939409884154,0.08265960695113789,1822
IO,long,11,false,227,362707.0,30003.463472680065,0.6175966627422257,0.08272093858866816,1830
IO,long,11,false,228,363943.0,30201.910310673986,0.6183720708149707,0.0829852760203493,1838
IO,long,11,false,229,365259.0,30450.523520858664,0.6191521831776228,0.08336693557409582,1846
IO,long,11,false,230,366575.0,30705.215607851693,0.6200443369045797,0.08376243772175324,1854
IO,long,11,false,231,367780.0,30840.89084606437,0.6199174039409924,0.08385690044609377,1862
IO,long,11,false,232,369123.0,31125.803181967236,0.621062776741769,0.08432366225341481,1870
IO,long,11,false,233,370495.0,31440.86110529106,0.6224310792328918,0.08486176899901769,1878
IO,long,11,false,234,371975.0,31833.941220975736,0.6239869302580656,0.08558086221110488,1886
IO,long,11,false,235,373398.0,32187.92618757475,0.625445480094333,0.08620272788706622,1894
IO,long,11,false,236,374827.0,32527.014474072785,0.6265195306753623,0.08677873918920671,1902
IO,long,11,false,237,376116.0,32786.31982698034,0.6277296539724362,0.0871707660056481,1910
IO,long,11,false,238,377409.0,32987.481512759776,0.6277709767019959,0.08740512683258686,1918
IO,long,11,false,239,378654.0,33185.33515088709,0.628319735513615,0.08764026037196779,1926
IO,long,11,false,240,379770.0,33284.051378590186,0.6285227618889302,0.08764265576161936,1934
IO,long,11,false,241,381044.0,33509.57088394932,0.6292404492422977,0.08794147364595513,1942
IO,long,11,false,242,382383.0,33764.7918322544,0.6297404150223698,0.08830097528460837,1950
IO,long,11,false,243,383751.0,33983.77413449307,0.6292242799254396,0.0885568353815184,1958
IO,long,11,false,244,385078.0,34211.9763490325,0.6293593883192145,0.0888442766115761,1966
IO,long,11,false,245,386382.0,34447.880871067086,0.6298983482860424,0.08915498359412986,1974
IO,long,11,false,246,387619.0,34649.625588985895,0.6305779102255891,0.08939093694835881,1982
IO,long,11,false,247,388842.0,34847.46908726413,0.6313404791518249,0.08961858309355504,1990
IO,long,11,false,248,389992.0,34933.43035131232,0.6309089823245859,0.08957473576717553,1998
IO,long,11,false,249,391168.0,35101.85991043564,0.6316692443843016,0.08973602112247331,2006
IO,long,11,false,250,392476.0,35344.01738010422,0.6322496043094025,0.0900539584079134,2014
IO,long,11,false,251,393892.0,35672.94356691638,0.633150111229924,0.0905652909094787,2022
IO,long,11,false,252,395256.0,35934.400429476096,0.6334285286352211,0.09091424400762062,2030
IO,long,11,false,253,396587.0,36160.48230873198,0.6334498083337476,0.0911791922295284,2038
IO,long,11,false,254,398034.0,36545.6767371462,0.6349585922778893,0.0918154648526161,2046
IO,long,11,false,255,399467.0,36850.431201315056,0.6352098874616906,0.09224899979551517,2054
IO,long,11,false,256,400881.0,37174.888282007174,0.6360008944587291,0.09273297632466286,2062
IO,long,11,false,257,402193.0,37430.340058966256,0.6367111786443646,0.09306561789729373,2070
IO,long,11,false,258,403528.0,37701.077518933336,0.6374239596749287,0.0934286530771925,2078
IO,long,11,false,259,404888.0,38018.490442200215,0.6386442204300389,0.0938987829775153,2086
IO,long,11,false,260,406243.0,38274.87423235781,0.6388835439142334,0.094216698459685,2094
IO,long,11,false,261,407574.0,38538.840849005916,0.6395002132119659,0.09455667154677658,2102
IO,long,11,false,262,409075.0,39028.67615018071,0.6420351733073535,0.09540714086703102,2110
IO,long,11,false,263,410435.0,39302.76961617728,0.6424855674264345,0.09575881592987263,2118
IO,long,11,false,264,411686.0,39460.00357809854,0.642169046642666,0.09584975825774629,2126
IO,long,11,false,265,413071.0,39770.08579409932,0.6429358972161489,0.09627905564442753,2134
IO,long,11,false,266,414389.0,39994.06614228793,0.6430017547273739,0.09651333925921761,2142
IO,long,11,false,267,415691.0,40215.97788534813,0.6431983668188426,0.096744884746959,2150
IO,long,11,false,268,416996.0,40394.08305382231,0.6426652727562655,0.09686923388670948,2158
IO,long,11,false,269,418313.0,40636.12232783377,0.643027491539422,0.0971428627076705,2166
IO,long,11,false,270,419588.0,40851.38183815279,0.6433896405668691,0.09736070106426492,2174
IO,long,11,false,271,420766.0,40989.991656423415,0.6435253651159165,0.09741754717924789,2182
IO,long,11,false,272,422127.0,41292.270309343905,0.6443761849743903,0.09781954319279247,2190
IO,long,11,false,273,423386.0,41488.17302715183,0.6445866171641264,0.09799136727986242,2198
IO,long,11,false,274,424692.0,41714.58794486711,0.6447984039457617,0.09822315453285466,2206
IO,long,11,false,275,425944.0,41942.86067905573,0.6455727363253152,0.09847036389538467,2214
IO,long,11,false,276,427124.0,42061.52555402791,0.645372779851289,0.09847614639783274,2222
IO,long,11,false,277,428381.0,42244.54593360257,0.645398303164045,0.09861442485451635,2230
IO,long,11,false,278,429846.0,42520.96672418846,0.6448041781540165,0.09892139678905576,2238
IO,long,11,false,279,431142.0,42692.67369869719,0.644281566139943,0.09902230285775264,2246
IO,long,11,false,280,432469.0,42963.12886889089,0.644946766777616,0.09934383474628446,2254
IO,long,11,false,281,433780.0,43217.25925172438,0.64551544812135,0.0996294417716916,2262
IO,long,11,false,282,435044.0,43400.96769189152,0.645482728396019,0.09976224862747567,2270
IO,long,11,false,283,436312.0,43640.023325827504,0.646231650019658,0.1000202225146856,2278
IO,long,11,false,284,437656.0,43929.25953692511,0.6469890061110063,0.10037394560322516,2286
IO,long,11,false,285,438900.0,44153.14639268167,0.647729753728863,0.10059955888056886,2294
IO,long,11,false,286,440153.0,44384.13549164565,0.648483197575291,0.10083797109560913,2302
IO,long,11,false,287,441487.0,44585.882808729795,0.6480412030163776,0.10099025069533145,2310
IO,long,11,false,288,442694.0,44768.56489975696,0.6485190187124371,0.10112756192710305,2318
IO,long,11,false,289,443953.0,44964.414662400515,0.6486967418654045,0.10128192547950012,2326
IO,long,11,false,290,445138.0,45150.20115519896,0.6494189223174582,0.10142967159667106,2334
IO,long,11,false,291,446378.0,45338.57845989493,0.649661524329325,0.10156992159088246,2342
IO,long,11,false,292,447646.0,45568.540391492235,0.650236021568097,0.10179592890697613,2350
IO,long,11,false,293,448872.0,45732.47038571498,0.6502555152241573,0.10188309893625573,2358
IO,long,11,false,294,450034.0,45881.55478980249,0.6506545293238767,0.10195130765631594,2366
IO,long,11,false,295,451165.0,45972.60079823238,0.6505157815544195,0.10189753371434482,2374
IO,long,11,false,296,452401.0,46171.977593494725,0.650942149321097,0.1020598486596951,2382
IO,long,11,false,297,453810.0,46432.20735631949,0.6506390807174415,0.1023164041257784,2390
IO,long,11,false,298,455099.0,46650.077918225674,0.6508374781063057,0.10250534041653722,2398
IO,long,11,false,299,456453.0,46894.1623378951,0.6508106632141433,0.1027360151820562,2406
IO,long,11,false,300,457813.0,47189.281286475685,0.6514347421482307,0.10307545064573458,2414
IO,long,11,false,301,459074.0,47378.50798413332,0.6514838015529031,0.1032045116563633,2422
IO,long,11,false,302,460385.0,47526.220743600505,0.6505183583624263,0.10323147092889756,2430
IO,long,11,false,303,461749.0,47755.57322057937,0.650204545053976,0.10342323041431463,2438
IO,long,11,false,304,463101.0,48017.58352765168,0.6504420509550097,0.10368706508440206,2446
IO,long,11,false,305,464460.0,48243.559561522205,0.6501301722437836,0.10387021392912674,2454
IO,long,11,false,306,465813.0,48403.97140760084,0.6489946959441272,0.10391288222441374,2462
IO,long,11,false,307,467151.0,48600.65426510408,0.6484842786724142,0.10403628433869151,2470
IO,long,11,false,308,468373.0,48728.79386809424,0.6480668413519469,0.10403843489717435,2478
IO,long,11,false,309,469593.0,48843.749394580336,0.6474945236903339,0.10401294183384406,2486
IO,long,11,false,310,470932.0,49058.146466800514,0.6472221756088619,0.10417246325754145,2494
IO,long,11,false,311,472294.0,49339.51483622687,0.6476361813008882,0.1044677993712113,2502
IO,long,11,false,312,473733.0,49603.57495085463,0.6471691644924736,0.10470787331863017,2510
IO,long,11,false,313,475073.0,49782.36737383804,0.6464319041934015,0.10478887954869681,2518
IO,long,11,false,314,476472.0,50143.424659727876,0.6475634044441444,0.10523897450370195,2526
IO,long,11,false,315,477772.0,50299.46903619023,0.646871949332419,0.10527923159203602,2534
IO,long,11,false,316,478980.0,50372.64449538423,0.6458859404460089,0.10516648815270832,2542
IO,long,11,false,317,480210.0,50516.14668839392,0.6456232642553285,0.10519594903978242,2550
IO,long,11,false,318,481538.0,50712.26387870608,0.6452270329114215,0.10531310899390303,2558
IO,long,11,false,319,482911.0,51020.766192401665,0.6458897141822904,0.10565252436246361,2566
IO,long,11,false,320,484426.0,51425.85623501306,0.6466058471434525,0.10615833220143646,2574
IO,long,11,false,321,485836.0,51749.622695369886,0.6471453204533162,0.10651664902430015,2582
IO,long,11,false,322,487093.0,51899.680019749845,0.6467491622085542,0.10654983754590981,2590
IO,long,11,false,323,488409.0,52114.15438509654,0.6466819013624597,0.10670187155661862,2598
IO,long,11,false,324,489645.0,52281.967501415544,0.6466778915904801,0.10677525043943172,2606
IO,long,11,false,325,490914.0,52503.32255749828,0.6470707734471072,0.10695014311569497,2614
IO,long,11,false,326,492149.0,52698.49500820839,0.6474096120125357,0.10707833401715414,2622
IO,long,11,false,327,493526.0,52965.02834959068,0.6474942341025756,0.10731963128506032,2630
IO,long,11,false,328,494777.0,53193.94026638163,0.6481138016007509,0.10751093981001872,2638
IO,long,11,false,329,496138.0,53474.11668421364,0.6484855285497652,0.10778073174039005,2646
IO,long,11,false,330,497583.0,53638.273248490026,0.6467975406491098,0.1077976402901426,2654
IO,long,11,false,331,498967.0,54005.86902185909,0.6480419144180747,0.10823535228153183,2662
IO,long,11,false,332,500275.0,54230.46909167425,0.6481548613186993,0.10840131745874619,2670
IO,long,23,false,0,94574.0,37.668445960265714,0.018834222980132858,0.0003982960005949385,14
IO,long,23,false,1,95595.0,922.2004236137669,0.45095375237837015,0.009646952493475254,22
IO,long,23,false,2,96599.0,999.5686810830196,0.4821846025484899,0.010347608992670934,30
IO,long,23,false,3,97603.0,1279.190154691123,0.6088482411666459,0.013106053652972993,38
IO,long,23,false,4,98625.0,1257.6305580677622,0.5857617876421808,0.01275164063947034,46
IO,long,23,false,5,99621.0,1419.3289459735088,0.6549741328904055,0.01424728667623803,54
IO,long,23,false,6,100630.0,1313.829290553019,0.5971951320695541,0.013056039854447173,62
IO,long,23,false,7,101653.0,1212.7881053982537,0.5397365845119064,0.01193066712638342,70
IO,long,23,false,8,102639.0,1487.8082105657227,0.6591972576720083,0.014495544681512122,78
IO,long,23,false,9,103718.0,1483.325367159269,0.6285276979488428,0.014301523044787491,86
IO,long,23,false,10,104767.0,1485.6566315623738,0.6106274687884808,0.014180578154976031,94
IO,long,23,false,11,105772.0,1696.273957001881,0.688982110886223,0.016037079349940257,102
IO,long,23,false,12,106901.0,1723.645382745487,0.6591378136694023,0.01612375359206637,110
IO,long,23,false,13,107900.0,1748.1341131667486,0.662674038349791,0.01620142829626273,118
IO,long,23,false,14,108955.0,1637.2233885491255,0.6025849792230863,0.015026601702988624,126
IO,long,23,false,15,109969.0,1849.8526326537803,0.6714528612173432,0.016821582742898276,134
IO,long,23,false,16,111164.0,1683.820491579848,0.5661803939407694,0.015147174369218884,142
IO,long,23,false,17,112199.0,1805.3662637502657,0.5952411024564015,0.01609075182265676,150
IO,long,23,false,18,113236.0,1969.494846337393,0.6365529561530036,0.017392833077266884,158
IO,long,23,false,19,114273.0,2004.8177731486378,0.6354414494924367,0.017544107296987372,166
IO,long,23,false,20,115333.0,1968.2984758671978,0.6076870873316449,0.017066221080412353,174
IO,long,23,false,21,116324.0,2057.2311193152054,0.6322160784619562,0.01768535400532311,182
IO,long,23,false,22,117332.0,2043.6538137807454,0.621927514845023,0.017417702023154343,190
IO,long,23,false,23,118357.0,2106.8373832397538,0.631735347298277,0.017800699436786617,198
IO,long,23,false,24,119368.0,2094.895615652492,0.621630746484419,0.017549892899709235,206
IO,long,23,false,25,120676.0,2144.6858299845594,0.5793316666624958,0.017772264824692227,214
IO,long,23,false,26,121689.0,1398.375017619125,0.3739970627491642,0.011491383918177691,222
IO,long,23,false,27,122683.0,2312.9582731956893,0.6156396787851183,0.01885312776175745,230
IO,long,23,false,28,123677.0,2338.3345576822617,0.6194263728959634,0.018906785883246374,238
IO,long,23,false,29,124968.0,2343.9771990796776,0.5730995596771827,0.01875661928717494,246
IO,long,23,false,30,125996.0,2354.814247364419,0.5685210640667356,0.01868959528369487,254
IO,long,23,false,31,127147.0,2442.4823713465253,0.5657823422160123,0.019209909564099233,262
IO,long,23,false,32,128143.0,2485.2360378605126,0.5730311362371484,0.019394239543794923,270
IO,long,23,false,33,129353.0,2496.0599746598505,0.5460643129861847,0.01929649853238696,278
IO,long,23,false,34,130386.0,2504.5654051431925,0.5411766216817615,0.019208852216826902,286
IO,long,23,false,35,131437.0,2332.8105573724574,0.49602605940303157,0.017748507325733676,294
IO,long,23,false,36,132454.0,2648.5279556493197,0.5582900412414249,0.01999583218060096,302
IO,long,23,false,37,133534.0,2701.651398990835,0.5572713281746772,0.020231936428106962,310
IO,long,23,false,38,134688.0,2778.449580962755,0.5528152767534332,0.020628783417696864,318
IO,long,23,false,39,135804.0,2789.9613512445735,0.5400622050415357,0.020544029271925522,326
IO,long,23,false,40,136891.0,2866.5136245664066,0.5432089491314017,0.020940117499078877,334
IO,long,23,false,41,137938.0,1310.7340405400573,0.24508863884443854,0.00950234192564817,342
IO,long,23,false,42,139038.0,2878.8433640866524,0.5261044159515081,0.02070544285797158,350
IO,long,23,false,43,140237.0,3004.02973202286,0.5274854665536189,0.021421092379492288,358
IO,long,23,false,44,141242.0,3032.491037041941,0.5297852964783265,0.021470179104246194,366
IO,long,23,false,45,142292.0,3092.573049692802,0.5333861762146951,0.02173399101631014,374
IO,long,23,false,46,143405.0,3147.6144238222105,0.5303478388916951,0.021949126068283607,382
IO,long,23,false,47,144422.0,3177.4721966848106,0.5317055215336028,0.02200130310260771,390
IO,long,23,false,48,145542.0,3262.2946787529177,0.5330546860707381,0.022414799018516427,398
IO,long,23,false,49,146620.0,3308.9389873081686,0.5318127591302103,0.022568128408867606,406
IO,long,23,false,50,147712.0,3372.7837379486236,0.5321526882216194,0.022833512090748374,414
IO,long,23,false,51,148792.0,3320.9581371016952,0.515516631030999,0.022319467021759874,422
IO,long,23,false,52,149839.0,3432.329331620017,0.5269966730569656,0.022906782156981942,430
IO,long,23,false,53,150829.0,3466.2184105076617,0.5310584358062911,0.0229811137812202,438
IO,long,23,false,54,151944.0,3501.101786602044,0.5252177897692835,0.023042053563168297,446
IO,long,23,false,55,153091.0,3535.6382032702595,0.5171329827804972,0.023095010178718928,454
IO,long,23,false,56,154092.0,3572.0876495744965,0.520560718387423,0.023181525644254707,462
IO,long,23,false,57,155170.0,3602.2901151085225,0.5172731354262669,0.0232151196436716,470
IO,long,23,false,58,156562.0,3699.8930235895964,0.5013405181015713,0.023632126720338247,478
IO,long,23,false,59,157610.0,3750.224600862221,0.5032507515918171,0.02379433158341616,486
IO,long,23,false,60,158776.0,3867.051612833453,0.5060261204963953,0.02435539132383643,494
IO,long,23,false,61,160006.0,3963.1612578540144,0.5019201187758376,0.024768829030498946,502
IO,long,23,false,62,161106.0,3851.142146724366,0.480192287621492,0.023904399257162152,510
IO,long,23,false,63,162287.0,4086.113861601225,0.49679195885729177,0.025178319037268696,518
IO,long,23,false,64,163395.0,4130.970602338914,0.49431262442729623,0.0252821114620332,526
IO,long,23,false,65,164434.0,4180.7980043485395,0.49653182949507596,0.025425386503694733,534
IO,long,23,false,66,165564.0,4246.512512348768,0.4952778764110996,0.02564876731867295,542
IO,long,23,false,67,166843.0,4303.684823549468,0.48481298001007866,0.0257948180238276,550
IO,long,23,false,68,167904.0,4359.919048205209,0.48648951664865087,0.025966737232020733,558
IO,long,23,false,69,169038.0,4425.1846261047785,0.48521761251148887,0.026178638093829663,566
IO,long,23,false,70,170226.0,4510.519618852224,0.48333900759239434,0.026497242600144657,574
IO,long,23,false,71,171286.0,4565.420106486896,0.4848577003490756,0.026653784351826162,582
IO,long,23,false,72,172309.0,4590.457502920319,0.485095371755291,0.026640845823029086,590
IO,long,23,false,73,173423.0,4641.957101039229,0.48348683481296,0.026766675129822625,598
IO,long,23,false,74,174490.0,4704.515957024012,0.48540197658109907,0.026961521903971643,606
IO,long,23,false,75,175577.0,4728.560154280984,0.4823584774335391,0.026931546582302828,614
IO,long,23,false,76,176694.0,4779.486914698369,0.4806402770211554,0.027049514497936373,622
IO,long,23,false,77,177779.0,4832.527488586274,0.48070501229347196,0.027182780241683628,630
IO,long,23,false,78,178924.0,4927.784493762203,0.4820763543105266,0.027541215788615295,638
IO,long,23,false,79,179989.0,4944.709567111959,0.47955674203394033,0.027472287568195603,646
IO,long,23,false,80,181106.0,5022.296035737987,0.48051052772081776,0.02773125150871858,654
IO,long,23,false,81,182334.0,5112.640655915757,0.47763832734638983,0.028039974200729192,662
IO,long,23,false,82,183486.0,5237.73139466754,0.481409135539296,0.028545673210313267,670
IO,long,23,false,83,184601.0,5327.379802412893,0.4834721664772568,0.028858889184852157,678
IO,long,23,false,84,185767.0,5416.4710326713175,0.483225179112438,0.029157337054866138,686
IO,long,23,false,85,187000.0,5544.617773467566,0.48357036224206923,0.029650362424960244,694
IO,long,23,false,86,188263.0,5663.122739590031,0.48184486850931946,0.030080912019834122,702
IO,long,23,false,87,189500.0,5780.47196647322,0.4811446617673731,0.030503809849462903,710
IO,long,23,false,88,190619.0,5864.166272493855,0.482369521468607,0.03076380776572039,718
IO,long,23,false,89,191811.0,5999.360804941175,0.4848751963906227,0.03127745960837061,726
IO,long,23,false,90,193143.0,6234.949694388166,0.489822428658038,0.03228152039881417,734
IO,long,23,false,91,194337.0,6345.694837820505,0.49012858869394493,0.03265304516288975,742
IO,long,23,false,92,195594.0,6458.655779014509,0.48825640905764356,0.03302072547733831,750
IO,long,23,false,93,196795.0,6550.847426780085,0.4869432414167907,0.03328767207896585,758
IO,long,23,false,94,197946.0,6673.884267733985,0.4897185403385666,0.03371568138650938,766
IO,long,23,false,95,199080.0,6744.190792216082,0.48920577340897153,0.03387678718211815,774
IO,long,23,false,96,200181.0,6773.591000883787,0.48692337005849956,0.03383733221876096,782
IO,long,23,false,97,201331.0,6914.621207367986,0.49092092349080485,0.03434454310249284,790
IO,long,23,false,98,202584.0,7021.273299454854,0.488878519666819,0.034658577673729686,798
IO,long,23,false,99,203788.0,7061.639841347943,0.48400547233364927,0.03465189236534017,806
IO,long,23,false,100,204873.0,7111.516072445823,0.4838095157797008,0.034711826704572214,814
IO,long,23,false,101,206136.0,7245.980305614654,0.48351663590115135,0.03515145489198711,822
IO,long,23,false,102,207367.0,7317.986659742046,0.4801513456952986,0.03529002521974107,830
IO,long,23,false,103,208566.0,7440.980544986823,0.4811808422779891,0.03567686269567821,838
IO,long,23,false,104,209733.0,7529.175547581959,0.48094382290526727,0.03589885972918882,846
IO,long,23,false,105,210864.0,7579.417272871332,0.47940653212342393,0.035944576944719496,854
IO,long,23,false,106,212131.0,7716.742189110008,0.4792709887031867,0.03637724891274735,862
IO,long,23,false,107,213306.0,7858.171145886605,0.4820963893181966,0.03683989735819248,870
IO,long,23,false,108,214575.0,7959.78603466968,0.47970746909357437,0.037095589116484584,878
IO,long,23,false,109,215895.0,8195.346156845884,0.48387235973583775,0.037959870107440584,886
IO,long,23,false,110,217100.0,8338.34037584456,0.4857474295610253,0.03840783222406523,894
IO,long,23,false,111,218336.0,8486.402349158918,0.48699657690571085,0.03886854366279,902
IO,long,23,false,112,219619.0,8674.015916716924,0.48914543036806657,0.03949574452445792,910
IO,long,23,false,113,220726.0,8728.132091887994,0.4885877794384233,0.03954283633050929,918
IO,long,23,false,114,222090.0,8972.477588737203,0.49158873486397126,0.040400187260737554,926
IO,long,23,false,115,223554.0,9253.389702534267,0.49377746545006757,0.041392190265145186,934
IO,long,23,false,116,224912.0,9550.199956933437,0.49943520327023516,0.042461940478646924,942
IO,long,23,false,117,226080.0,9652.470965869032,0.49976550511903445,0.04269493527012134,950
IO,long,23,false,118,227506.0,9923.218453000016,0.5020855319267363,0.04361739230174156,958
IO,long,23,false,119,228851.0,10152.05101145059,0.504249292775572,0.04436096417079493,966
IO,long,23,false,120,230131.0,10317.273477532464,0.5048330712693871,0.044832175923854085,974
IO,long,23,false,121,231410.0,10525.693267018913,0.5075069077636891,0.045485040694088034,982
IO,long,23,false,122,232497.0,10589.16160430344,0.5078491009689434,0.04554536877595599,990
IO,long,23,false,123,233765.0,10747.905337873452,0.5083434393356407,0.04597739327047869,998
IO,long,23,false,124,235060.0,10926.654246887434,0.5091163100776924,0.046484532659267566,1006
IO,long,23,false,125,236391.0,11143.448136559256,0.5107690395819433,0.047139900150848624,1014
IO,long,23,false,126,237598.0,11228.458858354725,0.5092733517033167,0.0472582212743993,1022
IO,long,23,false,127,238994.0,11538.303532213136,0.5135438638157885,0.048278632652757544,1030
IO,long,23,false,128,240500.0,11805.53331458189,0.5133286944335111,0.04908745660948811,1038
IO,long,23,false,129,241871.0,12096.02550775449,0.5170788487049327,0.05001023482664102,1046
IO,long,23,false,130,243295.0,12371.719124825575,0.5189261828289743,0.050850692060361184,1054
IO,long,23,false,131,244733.0,12723.905206246056,0.5235528620436183,0.05199096650736131,1062
IO,long,23,false,132,246095.0,12899.108899820429,0.5224638057361751,0.05241516040480477,1070
IO,long,23,false,133,247420.0,13099.57143174467,0.5231876120993957,0.052944674770611384,1078
IO,long,23,false,134,248818.0,13369.140480531047,0.5251037109399469,0.053730600199869166,1086
IO,long,23,false,135,250274.0,13673.309744377062,0.5271129431139963,0.054633360814056044,1094
IO,long,23,false,136,251461.0,13807.776270425635,0.5280018458347916,0.05491020981554052,1102
IO,long,23,false,137,252877.0,14137.264645512487,0.5316559981013308,0.055905695834387814,1110
IO,long,23,false,138,254057.0,14281.810498970284,0.5330028176514381,0.05621498521579915,1118
IO,long,23,false,139,255252.0,14399.65502603073,0.5330441632498234,0.056413485598666144,1126
IO,long,23,false,140,256459.0,14557.91852836748,0.5343335851850791,0.05676509121679286,1134
IO,long,23,false,141,257746.0,14783.869636899984,0.5365027448432278,0.05735828931157025,1142
IO,long,23,false,142,258945.0,14922.049534094089,0.5371701477408866,0.05762632811637255,1150
IO,long,23,false,143,260167.0,15097.102652409427,0.5387012543232623,0.058028507275747605,1158
IO,long,23,false,144,261554.0,15452.847796097345,0.5434255097797631,0.0590809079429003,1166
IO,long,23,false,145,263012.0,15775.049041903909,0.5455096839997202,0.059978438405486854,1174
IO,long,23,false,146,264377.0,16042.801127952109,0.5474050952998297,0.06068153102558887,1182
IO,long,23,false,147,265754.0,16318.809246423718,0.5493068953286562,0.061405695667511,1190
IO,long,23,false,148,266993.0,16496.775471848887,0.5504245928347031,0.06178729581617828,1198
IO,long,23,false,149,268235.0,16657.855226841166,0.5509096546231824,0.062101721351953194,1206
IO,long,23,false,150,269482.0,16840.89805731809,0.552015801013442,0.062493591621399905,1214
IO,long,23,false,151,270771.0,17063.223400138922,0.5536232893202336,0.06301717466101954,1222
IO,long,23,false,152,271906.0,17206.283730816645,0.5553997330799434,0.06328026498428371,1230
IO,long,23,false,153,273090.0,17323.14167496771,0.5554425315816246,0.06343381916206273,1238
IO,long,23,false,154,274150.0,17398.344207377904,0.5563553404763976,0.06346286415239068,1246
IO,long,23,false,155,275723.0,17829.055717604504,0.5594482323764318,0.0646629251734694,1254
IO,long,23,false,156,277007.0,18030.20677955694,0.5603445560355825,0.06508935434684661,1262
IO,long,23,false,157,278301.0,18213.021556178795,0.5604868920196583,0.0654436080221731,1270
IO,long,23,false,158,279654.0,18505.128558861357,0.5629450157842953,0.066171513938157,1278
IO,long,23,false,159,281035.0,18796.90100671629,0.5648616463838774,0.06688455532839785,1286
IO,long,23,false,160,282548.0,19179.21158683639,0.5671973616500973,0.06787948096194767,1294
IO,long,23,false,161,283879.0,19456.282728211434,0.5694132906497537,0.06853723850024634,1302
IO,long,23,false,162,285426.0,19909.535818230976,0.5731012037487327,0.06975375690452508,1310
IO,long,23,false,163,286848.0,20241.66844510257,0.5752762020434994,0.07056583432724847,1318
IO,long,23,false,164,288216.0,20559.00388981668,0.5778572120359964,0.07133193122455617,1326
IO,long,23,false,165,289651.0,20890.942026733122,0.5797081340492584,0.07212452926705974,1334
IO,long,23,false,166,290837.0,21031.491248612074,0.5802270877206962,0.07231367139879752,1342
IO,long,23,false,167,292417.0,21457.638138271057,0.5822810273336153,0.07338026906189127,1350
IO,long,23,false,168,293636.0,21667.37611607025,0.5841207773782889,0.07378991716298496,1358
IO,long,23,false,169,295059.0,21947.457755098258,0.584626348661417,0.07438328522464407,1366
IO,long,23,false,170,296462.0,22258.025582146904,0.5862311836848637,0.07507884849372569,1374
IO,long,23,false,171,297810.0,22523.570699180225,0.5874692409801833,0.07563067290950681,1382
IO,long,23,false,172,299119.0,22706.957169425754,0.5871527207464059,0.07591278778488078,1390
IO,long,23,false,173,300325.0,22883.594165734765,0.5882218380519437,0.07619610144255312,1398
IO,long,23,false,174,301624.0,23123.163622750275,0.5894856376574281,0.07666221395761039,1406
IO,long,23,false,175,302934.0,23351.100814515783,0.5902704958168803,0.07708312970652281,1414
IO,long,23,false,176,304214.0,23567.885140859395,0.5912072331140727,0.07747140217366523,1422
IO,long,23,false,177,305687.0,23949.349838808925,0.5933785049629327,0.07834598736226574,1430
IO,long,23,false,178,307045.0,24204.730463155553,0.5940831667563888,0.07883121517417822,1438
IO,long,23,false,179,308414.0,24445.914438720323,0.5942705765927733,0.07926330983262862,1446
IO,long,23,false,180,309712.0,24696.0857169541,0.5956892690663829,0.0797388726202217,1454
IO,long,23,false,181,311045.0,24994.21736243716,0.5977332861996212,0.08035563137950187,1462
IO,long,23,false,182,312334.0,25236.23675189118,0.5990371428003034,0.08079887797002946,1470
IO,long,23,false,183,313566.0,25412.090261456546,0.5995680035262492,0.08104223755591022,1478
IO,long,23,false,184,314778.0,25562.641207053133,0.5997804131171547,0.08120847456637101,1486
IO,long,23,false,185,316119.0,25838.234344898512,0.6010988564591954,0.08173578413476733,1494
IO,long,23,false,186,317389.0,26075.349598370583,0.6024942720111505,0.08215580753703053,1502
IO,long,23,false,187,318594.0,26181.584987099875,0.6017648475475746,0.08217852497881277,1510
IO,long,23,false,188,319830.0,26328.25902959262,0.6015412865470805,0.08231954172401783,1518
IO,long,23,false,189,321114.0,26493.08022167567,0.601077235268075,0.08250365982696385,1526
IO,long,23,false,190,322257.0,26633.488243464053,0.6019819687513065,0.08264673302197952,1534
IO,long,23,false,191,323516.0,26819.690987112335,0.6023377574251524,0.08290066329675297,1542
IO,long,23,false,192,324762.0,27053.240878124023,0.6039209053961073,0.08330174367113155,1550
IO,long,23,false,193,326051.0,27208.927175913654,0.6031817858057961,0.08344991174973748,1558
IO,long,23,false,194,327478.0,27573.93767617906,0.6052225126465992,0.08420088578829435,1566
IO,long,23,false,195,328918.0,27910.155037877885,0.606426104594948,0.08485444712018766,1574
IO,long,23,false,196,330211.0,28124.5875737373,0.6069050640628666,0.08517156476839748,1582
IO,long,23,false,197,331400.0,28207.966135228195,0.6059192794438328,0.08511758037184126,1590
IO,long,23,false,198,332837.0,28548.28558344127,0.6072165390501174,0.08577257211019589,1598
IO,long,23,false,199,334196.0,28872.133723520757,0.6091424474349288,0.08639281656130163,1606
IO,long,23,false,200,335554.0,29148.571972476853,0.6100580153301979,0.08686700791072928,1614
IO,long,23,false,201,336836.0,29348.653717915367,0.6103367657512658,0.08713039496346996,1622
IO,long,23,false,202,338200.0,29668.482136314564,0.6120493901125256,0.08772466628123762,1630
IO,long,23,false,203,339593.0,29992.175263265126,0.613449822324459,0.08831800202968002,1638
IO,long,23,false,204,340927.0,30158.195107800755,0.6123615729822078,0.08845939191616022,1646
IO,long,23,false,205,342418.0,30534.349339355438,0.613583099014457,0.08917273431699103,1654
IO,long,23,false,206,343894.0,30955.815546655584,0.6158645461295477,0.09001557324831368,1662
IO,long,23,false,207,345221.0,31205.610772294276,0.616528909854673,0.09039314170428299,1670
IO,long,23,false,208,346622.0,31445.022349480616,0.6160858610791656,0.09071848396662825,1678
IO,long,23,false,209,347980.0,31783.140394241876,0.6180844851278028,0.09133611240370676,1686
IO,long,23,false,210,349425.0,32102.00654415575,0.6186430507054355,0.09187094954326608,1694
IO,long,23,false,211,350891.0,32346.74318197354,0.6175281720847929,0.09218459060498428,1702
IO,long,23,false,212,352388.0,32601.296232206245,0.6162582933009384,0.09251534170348095,1710
IO,long,23,false,213,353896.0,32908.64248650245,0.6158745833458557,0.09298958588540829,1718
IO,long,23,false,214,355333.0,33204.48195243001,0.616095777946563,0.09344609690749243,1726
IO,long,23,false,215,356905.0,33613.8818520392,0.6168703428463269,0.09418159412739861,1734
IO,long,23,false,216,358447.0,33870.98972432804,0.6151986073401755,0.09449371796758807,1742
IO,long,23,false,217,359819.0,34098.522301309786,0.6149085225562149,0.09476576362368243,1750
IO,long,23,false,218,361305.0,34380.145975705644,0.614337079422219,0.09515546692048447,1758
IO,long,23,false,219,362634.0,34551.923867643716,0.6135365414383783,0.09528043114446995,1766
IO,long,23,false,220,364031.0,34759.945709862484,0.61265039938422,0.09548622427722497,1774
IO,long,23,false,221,365505.0,35039.89055385642,0.6122108946249047,0.09586706215744359,1782
IO,long,23,false,222,366865.0,35252.391376418884,0.6118188683666652,0.09609090912575166,1790
IO,long,23,false,223,368241.0,35462.74311854585,0.6112263761620478,0.09630308172785172,1798
IO,long,23,false,224,369800.0,35740.185572512004,0.6098799626721273,0.09664733794621959,1806
IO,long,23,false,225,371350.0,36142.797323422834,0.6107678336390231,0.09732811989611642,1814
IO,long,23,false,226,372707.0,36407.52664092274,0.6113055835741011,0.09768404307115976,1822
IO,long,23,false,227,374135.0,36699.700585892504,0.6115699409404006,0.09809213408500275,1830
IO,long,23,false,228,375681.0,36963.50571996109,0.6101702854117943,0.09839067112779483,1838
IO,long,23,false,229,377233.0,37287.003805208624,0.609713086504924,0.09884343046660453,1846
IO,long,23,false,230,378672.0,37528.65711474814,0.6090534764962858,0.0991059732822816,1854
IO,long,23,false,231,380115.0,37865.772784301145,0.6099021145896939,0.0996166233489895,1862
IO,long,23,false,232,381523.0,38189.193489393736,0.6108609416541698,0.10009670056430081,1870
IO,long,23,false,233,382907.0,38435.253487995615,0.6108105441079955,0.1003775159189976,1878
IO,long,23,false,234,384198.0,38690.85971218338,0.6118099258726025,0.10070552088293895,1886
IO,long,23,false,235,385423.0,38890.18977974505,0.6125500445706351,0.10090261810983012,1894
IO,long,23,false,236,386797.0,39176.34149931867,0.613213040200959,0.10128398487919675,1902
IO,long,23,false,237,388203.0,39354.67419553462,0.6118860362817703,0.10137653288494582,1910
IO,long,23,false,238,389601.0,39637.17839590323,0.6122612087907325,0.10173787643230699,1918
IO,long,23,false,239,390921.0,39866.89290675578,0.612554628808687,0.1019819679852343,1926
IO,long,23,false,240,392204.0,40058.58639409567,0.6126102828275832,0.10213711842330947,1934
IO,long,23,false,241,393522.0,40227.33046759788,0.6119900576218262,0.10222384127850001,1942
IO,long,23,false,242,394912.0,40464.33101090327,0.611742675458883,0.10246417179245824,1950
IO,long,23,false,243,396308.0,40792.922986900914,0.612819201798229,0.102932373272558,1958
IO,long,23,false,244,397638.0,41006.05477890379,0.6127623248491302,0.1031240846672194,1966
IO,long,23,false,245,399032.0,41314.68640390987,0.6135419288352768,0.10353727621822278,1974
IO,long,23,false,246,400453.0,41632.25753750322,0.6141990991473263,0.10396290585287966,1982
IO,long,23,false,247,401946.0,42060.4508522415,0.6158191925657613,0.10464204358854547,1990
IO,long,23,false,248,403510.0,42464.05590041167,0.616421668511376,0.10523668781544862,1998
IO,long,23,false,249,404904.0,42828.229570871794,0.6179584678220038,0.10577378729494348,2006
IO,long,23,false,250,406406.0,43254.16781455345,0.6194032508671304,0.10643092822092551,2014
IO,long,23,false,251,407728.0,43413.748722208904,0.6186233395395837,0.10647723168928527,2022
IO,long,23,false,252,409039.0,43631.70556645712,0.6187753402416167,0.10666881536102212,2030
IO,long,23,false,253,410409.0,43912.979053224495,0.619303863556835,0.10699808984019477,2038
IO,long,23,false,254,411841.0,44152.140478119494,0.6186979313946932,0.10720676299377549,2046
IO,long,23,false,255,413225.0,44367.88129953636,0.6181867509096483,0.10736978958082488,2054
IO,long,23,false,256,414622.0,44633.420428370206,0.6182599239302167,0.1076484615586491,2062
IO,long,23,false,257,416153.0,44944.72691437429,0.6178224107437322,0.10800048759560615,2070
IO,long,23,false,258,417504.0,45133.103396225575,0.6172301550316673,0.10810220595784849,2078
IO,long,23,false,259,418937.0,45441.26292949183,0.6175846767350988,0.10846801053497741,2086
IO,long,23,false,260,420324.0,45777.765716518115,0.6187020640156523,0.10891066347988246,2094
IO,long,23,false,261,421798.0,46046.5950464055,0.6181746730534515,0.10916740962831853,2102
IO,long,23,false,262,423169.0,46217.27024930674,0.6171930912130489,0.10921705098744648,2110
IO,long,23,false,263,424548.0,46502.62513356958,0.6176795836353316,0.10953443458353256,2118
IO,long,23,false,264,425887.0,46784.45361533649,0.6184411375607938,0.10985180016139608,2126
IO,long,23,false,265,427222.0,47053.392234561994,0.6190584179897115,0.11013803651160753,2134
IO,long,23,false,266,428411.0,47189.34438702193,0.6191121132892763,0.11014970294185239,2142
IO,long,23,false,267,429598.0,47285.77505950217,0.6186646307764048,0.11006982122705919,2150
IO,long,23,false,268,430768.0,47431.032126984916,0.618993972372105,0.11010806774640855,2158
IO,long,23,false,269,431942.0,47548.36397018948,0.618925908182202,0.11008043665628597,2166
IO,long,23,false,270,433163.0,47685.96808567694,0.6187438280719477,0.11008781471565425,2174
IO,long,23,false,271,434663.0,48100.23299690079,0.6199042825628702,0.11066097872811993,2182
IO,long,23,false,272,435924.0,48246.93305579238,0.6195194156988159,0.11067739572905456,2190
IO,long,23,false,273,437351.0,48569.91537005293,0.6200757748733282,0.11105477149944308,2198
IO,long,23,false,274,438825.0,48968.19681090016,0.6212109659241143,0.11158935067714958,2206
IO,long,23,false,275,440152.0,49239.125490388884,0.6218788740608362,0.11186845791996602,2214
IO,long,23,false,276,441682.0,49596.48963046728,0.6220399542275031,0.11229004041474926,2222
IO,long,23,false,277,443163.0,49988.509112617525,0.6230106947245975,0.11279937429933799,2230
IO,long,23,false,278,444581.0,50338.797749004865,0.6239392871627668,0.11322750578410878,2238
IO,long,23,false,279,445922.0,50570.64534101287,0.6239899972979229,0.11340693067624577,2246
IO,long,23,false,280,447351.0,50823.90539282795,0.6236291568134772,0.11361080089868572,2254
IO,long,23,false,281,448887.0,51218.648187223655,0.6241837769748304,0.11410142906170964,2262
IO,long,23,false,282,450411.0,51583.97393805247,0.6244655158652923,0.11452645236917497,2270
IO,long,23,false,283,451722.0,51823.364167578424,0.6248295655603862,0.11472402089687557,2278
IO,long,23,false,284,453146.0,52133.95239697016,0.625197299335278,0.11504890785082547,2286
IO,long,23,false,285,454606.0,52446.34162687831,0.6253140693780799,0.11536658475004358,2294
IO,long,23,false,286,456067.0,52785.741330000084,0.6257422778192692,0.11574119883701317,2302
IO,long,23,false,287,457433.0,53101.27122706334,0.6265858523259035,0.11608535288679073,2310
IO,long,23,false,288,458676.0,53338.34671843715,0.6274066238318059,0.11628763379474215,2318
IO,long,23,false,289,459912.0,53524.14432860306,0.627672494882415,0.11637909932466008,2326
IO,long,23,false,290,461155.0,53706.40851159627,0.6278440573712755,0.11646064449392562,2334
IO,long,23,false,291,462362.0,53850.25290652282,0.6278302115669778,0.1164677307099693,2342
IO,long,23,false,292,463851.0,54125.89931432391,0.6272921053986662,0.11668811604227201,2350
IO,long,23,false,293,465288.0,54405.01590931761,0.6271760762377241,0.11692761452974848,2358
IO,long,23,false,294,466814.0,54745.9045294602,0.627129588176551,0.11727562697232773,2366
IO,long,23,false,295,468216.0,55034.2878490622,0.6273715584353093,0.11754038274869334,2374
IO,long,23,false,296,469665.0,55325.705199465556,0.6273111310104378,0.11779822894928418,2382
IO,long,23,false,297,471199.0,55690.2393783595,0.6274744445636711,0.11818836495484818,2390
IO,long,23,false,298,472527.0,55911.24709721297,0.6274759788700182,0.11832392032034776,2398
IO,long,23,false,299,473949.0,56193.87655788845,0.627506968742822,0.11856523920904664,2406
IO,long,23,false,300,475448.0,56599.58584773579,0.6283676293684725,0.11904474484640969,2414
IO,long,23,false,301,476934.0,56929.70669663114,0.6284741973928193,0.11936600598118637,2422
IO,long,23,false,302,478372.0,57232.03837854098,0.6286057419166243,0.11963918953981625,2430
IO,long,23,false,303,479843.0,57601.40720614285,0.6292416207616571,0.12004219548090282,2438
IO,long,23,false,304,481097.0,57770.54699430149,0.629178568643761,0.1200808714132524,2446
IO,long,23,false,305,482590.0,58087.260718972124,0.6290857381624948,0.12036565349255501,2454
IO,long,23,false,306,484094.0,58373.07225056989,0.6285866670676461,0.12058210234080548,2462
IO,long,23,false,307,485538.0,58637.36973511533,0.6282665081120659,0.12076782813109443,2470
IO,long,23,false,308,486850.0,58784.742472201186,0.6275861817504503,0.12074508056321492,2478
IO,long,23,false,309,488298.0,59077.851882392446,0.6275531323814791,0.12098729030713304,2486
IO,long,23,false,310,489662.0,59260.146437497526,0.6269057468421793,0.12102255522686572,2494
IO,long,23,false,311,491125.0,59592.8827789752,0.6271944722304394,0.12133954243619283,2502
IO,long,23,false,312,492563.0,59897.20137224603,0.6273469146731258,0.12160312766538703,2510
IO,long,23,false,313,494043.0,60215.55821263855,0.6273695649413795,0.12188323326641315,2518
IO,long,23,false,314,495487.0,60473.411815004954,0.6269988472146415,0.12204843278432119,2526
IO,long,23,false,315,496999.0,60790.25649038447,0.6268006030869152,0.12231464548295765,2534
IO,long,23,false,316,498487.0,61169.63318266995,0.6274001577758285,0.12271058860646307,2542
IO,long,23,false,317,499753.0,61378.553747994105,0.6276760075265025,0.12281777947905086,2550
IO,long,23,false,318,501139.0,61648.35410903433,0.627802826043915,0.12301647668418209,2558
IO,long,41,false,0,94574.0,154.4302576208286,0.0772151288104143,0.0016329039442217585,14
IO,long,41,false,1,95599.0,645.8901829842199,0.31522214884539773,0.006756244134187804,22
IO,long,41,false,2,96582.0,1216.6109549593161,0.5917368457973328,0.012596663508307097,30
IO,long,41,false,3,97617.0,939.8982413497199,0.4443963316074326,0.009628427849142258,38
IO,long,41,false,4,98613.0,1384.3087437134523,0.6483881703575889,0.014037791606719726,46
IO,long,41,false,5,99659.0,1182.978733655065,0.536498291907059,0.011870264939996038,54
IO,long,41,false,6,100882.0,1390.677019281196,0.5671602851880897,0.013785184862326242,62
IO,long,41,false,7,101879.0,1578.101887005101,0.6381325867388197,0.01548996247514307,70
IO,long,41,false,8,103180.0,1475.2818997898316,0.5272630092172379,0.014298138203041594,78
IO,long,41,false,9,104214.0,1380.924651904685,0.48351703498063203,0.013250855469559609,86
IO,long,41,false,10,105222.0,1794.5512651954857,0.621382017034448,0.01705490548740269,94
IO,long,41,false,11,106284.0,1217.439187734673,0.40936085666935873,0.011454585711251674,102
IO,long,41,false,12,107329.0,1792.0468453007643,0.5889079347028473,0.016696762713719164,110
IO,long,41,false,13,108395.0,881.2582790564301,0.2812825659292787,0.00813006392413331,118
IO,long,41,false,14,109379.0,1938.3644477566227,0.6171169843223886,0.0177215411345562,126
IO,long,41,false,15,110383.0,1234.8836624653986,0.3896761320496682,0.011187263097264965,134
IO,long,41,false,16,111427.0,1991.2839126279591,0.6151633959307875,0.01787074867516813,142
IO,long,41,false,17,112433.0,2058.7143065924884,0.6301543638177192,0.018310587697495294,150
IO,long,41,false,18,113491.0,2028.4073699592261,0.6056755359687149,0.01787284780255021,158
IO,long,41,false,19,114530.0,2135.0232364179315,0.6257395182936493,0.018641606883942473,166
IO,long,41,false,20,115570.0,2103.067828983929,0.6050252672565963,0.018197350774283368,174
IO,long,41,false,21,116586.0,2152.326138903735,0.6121519166392876,0.018461274414627273,182
IO,long,41,false,22,117701.0,1926.288652355429,0.5270283590575728,0.016365949757057536,190
IO,long,41,false,23,118695.0,2247.2373984273945,0.6118261362448665,0.018932873317556716,198
IO,long,41,false,24,119769.0,2230.8386417033303,0.5915774706187563,0.01862617740570039,206
IO,long,41,false,25,120773.0,2316.655201308862,0.6098065810236541,0.019181896626802863,214
IO,long,41,false,26,121831.0,2378.268240923013,0.6127977946207196,0.019521043420172312,222
IO,long,41,false,27,122853.0,1332.963488835491,0.3394355713866797,0.010850068690512166,230
IO,long,41,false,28,123923.0,2370.5599369351553,0.5895448736471414,0.019129297522938883,238
IO,long,41,false,29,124965.0,2478.410286476979,0.6064130869774844,0.01983283548575184,246
IO,long,41,false,30,126092.0,2541.876768039704,0.5997821538555225,0.020158905942008247,254
IO,long,41,false,31,127151.0,1654.9761032212427,0.38300766100931327,0.013015832382138109,262
IO,long,41,false,32,128204.0,2616.0404264815834,0.5948250173900826,0.02040529489315141,270
IO,long,41,false,33,129245.0,2300.0701817083277,0.5153641455765915,0.01779620241950039,278
IO,long,41,false,34,130289.0,2693.9261914375943,0.5945544452521726,0.02067654361793854,286
IO,long,41,false,35,131310.0,2717.2539807445237,0.5938055027850795,0.020693427619713073,294
IO,long,41,false,36,132499.0,2728.868020373238,0.5698200084304109,0.020595385779313337,302
IO,long,41,false,37,133509.0,2802.0120224959483,0.5809686963499789,0.020987439217550488,310
IO,long,41,false,38,134665.0,2821.4570567041837,0.5639530395171265,0.020951673090292087,318
IO,long,41,false,39,135745.0,2899.8161215898613,0.567812046522393,0.021362231548785304,326
IO,long,41,false,40,136806.0,2961.41141756514,0.5703797029208667,0.02164679485961975,334
IO,long,41,false,41,137878.0,2943.632417417675,0.5566627113119658,0.021349543925917657,342
IO,long,41,false,42,138919.0,3021.008656366232,0.564358052749156,0.021746547674301082,350
IO,long,41,false,43,140009.0,3077.4952183301675,0.5629221178580881,0.02198069565763749,358
IO,long,41,false,44,141060.0,3082.773701479991,0.5562565322049785,0.021854343552247205,366
IO,long,41,false,45,142100.0,3141.283547247611,0.5603431229482003,0.022106147412016965,374
IO,long,41,false,46,143293.0,3217.9315640529853,0.5526243455354602,0.022457004627253148,382
IO,long,41,false,47,144317.0,3246.2452104694216,0.552928838437987,0.022493851801724134,390
IO,long,41,false,48,145349.0,3266.206155274563,0.5510724068288448,0.02247147318023903,398
IO,long,41,false,49,146384.0,3229.8364228074047,0.5395650555976286,0.022064135580441884,406
IO,long,41,false,50,147412.0,3316.7630805494123,0.5493148526911912,0.02249995306046599,414
IO,long,41,false,51,148414.0,3157.5027071273494,0.5206963567162516,0.021274965347792992,422
IO,long,41,false,52,149514.0,3383.3069608190576,0.5467529025240881,0.022628696716154056,430
IO,long,41,false,53,150592.0,3425.9010166660028,0.5446583492314789,0.022749555199917677,438
IO,long,41,false,54,151707.0,3430.766019052598,0.5336391381323065,0.02261442134543955,446
IO,long,41,false,55,152806.0,3494.5108395954817,0.5333502502435107,0.02286893734274493,454
IO,long,41,false,56,153797.0,3550.3197439599394,0.5406303858626373,0.023084453818734692,462
IO,long,41,false,57,154833.0,3572.788815358944,0.5391261227341095,0.023075111993947954,470
IO,long,41,false,58,155930.0,3596.6056644728105,0.532988391297097,0.023065514426170785,478
IO,long,41,false,59,157018.0,3641.2177028522447,0.530789752602368,0.023189810740502647,486
IO,long,41,false,60,158022.0,3659.8406543956685,0.5313357512188833,0.023160323590358738,494
IO,long,41,false,61,159110.0,3696.8261848351176,0.5281180264050168,0.023234405033216752,502
IO,long,41,false,62,160217.0,3727.8808513424337,0.5227711192458889,0.023267698504793086,510
IO,long,41,false,63,161323.0,3777.681771759755,0.520270179281057,0.023416882724470504,518
IO,long,41,false,64,162433.0,3770.764603087892,0.5099073161714526,0.023214276674615945,526
IO,long,41,false,65,163446.0,3844.1672046792814,0.5172453181753608,0.02351949392875495,534
IO,long,41,false,66,164542.0,3881.1871934324927,0.5139283889608703,0.023587820698864077,542
IO,long,41,false,67,165816.0,3966.49293645167,0.5052857243887477,0.02392105066128522,550
IO,long,41,false,68,166922.0,3991.478817498729,0.5001853154760312,0.023912239354301583,558
IO,long,41,false,69,168082.0,4066.1004506753447,0.49805248048448614,0.024191171277563005,566
IO,long,41,false,70,169331.0,4154.531207926641,0.492418064232149,0.024534971197988798,574
IO,long,41,false,71,170339.0,4190.421751220028,0.4947953419789855,0.024600483454875446,582
IO,long,41,false,72,171514.0,4257.632564203529,0.4911897282191427,0.0248238194211757,590
IO,long,41,false,73,172588.0,4311.227556939373,0.49181240667800286,0.02497988015933537,598
IO,long,41,false,74,173644.0,4330.334104997277,0.4895245427308701,0.024938000190028314,606
IO,long,41,false,75,174869.0,4452.049815630363,0.4895052023782697,0.025459342797353235,614
IO,long,41,false,76,175989.0,4513.57587185429,0.4885351089787088,0.0256469203862417,622
IO,long,41,false,77,177094.0,4577.3676197757,0.48861738042012176,0.025847107297682026,630
IO,long,41,false,78,178162.0,4618.147884641449,0.48817630915871557,0.02592105996026902,638
IO,long,41,false,79,179272.0,4663.221804038689,0.48605605628921084,0.026011991856166546,646
IO,long,41,false,80,180482.0,4680.676360306965,0.47625929592052957,0.025934311234953985,654
IO,long,41,false,81,181537.0,4805.188743428965,0.48502965008872156,0.026469473129053386,662
IO,long,41,false,82,182729.0,4875.058813948113,0.48158241765762255,0.026679174153791205,670
IO,long,41,false,83,183768.0,4910.9509609686975,0.48212752414772214,0.02672364590662519,678
IO,long,41,false,84,184864.0,4990.932863862024,0.4842744870815082,0.02699786255767496,686
IO,long,41,false,85,186093.0,5068.647147075398,0.48003098277065986,0.027237172527045068,694
IO,long,41,false,86,187209.0,5102.985199853329,0.4769590802741685,0.027258225832376266,702
IO,long,41,false,87,188422.0,5183.794939533979,0.47401197325658184,0.027511622525681605,710
IO,long,41,false,88,189549.0,5214.606809204127,0.47033524029982204,0.0275106004737779,718
IO,long,41,false,89,190689.0,5325.152453980155,0.4733048132592796,0.027925850227229442,726
IO,long,41,false,90,191776.0,5397.162725164462,0.4750187225105142,0.028143056092339302,734
IO,long,41,false,91,192876.0,5471.886173316035,0.47639614951384596,0.028369969168357052,742
IO,long,41,false,92,193934.0,5511.732838633201,0.4764637654420125,0.028420662898889316,750
IO,long,41,false,93,195046.0,5578.706112384961,0.47664953113336983,0.02860200215531188,758
IO,long,41,false,94,196210.0,5659.823763404078,0.475935398873535,0.02884574569799744,766
IO,long,41,false,95,197364.0,5771.462862116406,0.47816593720931283,0.029242733538621054,774
IO,long,41,false,96,198618.0,5895.652266706476,0.4774580714857853,0.029683373444030634,782
IO,long,41,false,97,199761.0,5940.81811398243,0.4746958141416245,0.02973962942707751,790
IO,long,41,false,98,200932.0,6053.913038320128,0.4763110179638181,0.030129163290666137,798
IO,long,41,false,99,202099.0,6116.246625929054,0.4740908941887492,0.030263616474742846,806
IO,long,41,false,100,203384.0,6300.379497375996,0.4769401587718392,0.030977753891043524,814
IO,long,41,false,101,204578.0,6366.661091970787,0.47413323592275747,0.031120946983403824,822
IO,long,41,false,102,205844.0,6517.753190160657,0.47512415732327284,0.03166355682050804,830
IO,long,41,false,103,207297.0,6850.5036933514375,0.4825997670554024,0.03304680575865274,838
IO,long,41,false,104,208558.0,7003.731888528695,0.4836831414729762,0.03358169856120933,846
IO,long,41,false,105,209892.0,7180.478020213431,0.4839249238585679,0.03421034636962548,854
IO,long,41,false,106,210986.0,7239.812102129018,0.48407409080830555,0.034314182467694625,862
IO,long,41,false,107,212190.0,7336.453303526302,0.483170001549414,0.034574924848137525,870
IO,long,41,false,108,213297.0,7413.649448232528,0.48407766557182685,0.034757401408517366,878
IO,long,41,false,109,214349.0,7421.715839453393,0.48221141182856164,0.034624448163758134,886
IO,long,41,false,110,215632.0,7617.045709573281,0.48522395907588745,0.03532428261841137,894
IO,long,41,false,111,216890.0,7784.949594942272,0.4871683100714813,0.03589353863683098,902
IO,long,41,false,112,217954.0,7848.509222151446,0.4884558888568239,0.036009934307934,910
IO,long,41,false,113,219133.0,7946.887279502231,0.4884080437282423,0.036265132497169436,918
IO,long,41,false,114,220377.0,8047.0332302177785,0.486548958837764,0.03651485059791983,926
IO,long,41,false,115,221587.0,8239.643687158157,0.49124448143791555,0.03718468902579193,934
IO,long,41,false,116,222697.0,8298.744989518967,0.4908466900998975,0.037264736343637174,942
IO,long,41,false,117,224149.0,8261.262519753236,0.4752495265347314,0.03685612034741728,950
IO,long,41,false,118,225157.0,8605.140819122167,0.4941223553903053,0.038218402355343906,958
IO,long,41,false,119,226338.0,8727.76187716348,0.4953326831534325,0.03856074489110746,966
IO,long,41,false,120,227533.0,8840.484135037768,0.49557061130319907,0.03885363501135118,974
IO,long,41,false,121,228704.0,8968.699477190385,0.49732169663914744,0.03921531532981664,982
IO,long,41,false,122,230235.0,9335.335266136708,0.5021967435653725,0.040546985758623616,990
IO,long,41,false,123,231464.0,9448.262129584591,0.5014468808823156,0.04081957509411654,998
IO,long,41,false,124,232771.0,9618.94294259448,0.5016921161317728,0.041323631133579695,1006
IO,long,41,false,125,234126.0,9851.512645479235,0.5038621443064257,0.042077824101036346,1014
IO,long,41,false,126,235661.0,10146.390371126256,0.504519435688243,0.04305502552873091,1022
IO,long,41,false,127,237001.0,10409.716093126724,0.5084110423993516,0.04392266738590438,1030
IO,long,41,false,128,238234.0,10580.875416909616,0.5103644326118858,0.04441379239281385,1038
IO,long,41,false,129,239564.0,10850.836634580064,0.5145991005681525,0.045294103598955034,1046
IO,long,41,false,130,240939.0,11114.515344595113,0.5173151195994933,0.04612999698925916,1054
IO,long,41,false,131,242090.0,11221.850952351753,0.5180909950300902,0.0463540458191241,1062
IO,long,41,false,132,243290.0,11384.063181463307,0.5202002916040627,0.04679215414305277,1070
IO,long,41,false,133,244636.0,11563.438996965348,0.5196117101179719,0.047267936840715785,1078
IO,long,41,false,134,245704.0,11601.542720659247,0.5191776031799538,0.04721755738880623,1086
IO,long,41,false,135,246857.0,11759.274611362362,0.5221007242091357,0.047635977960367185,1094
IO,long,41,false,136,248102.0,11932.220128296405,0.5235266816556864,0.048094010238919495,1102
IO,long,41,false,137,249348.0,12101.99704879569,0.5247592164077569,0.04853456634420846,1110
IO,long,41,false,138,250604.0,12277.963476581272,0.5260030621446865,0.04899348564500675,1118
IO,long,41,false,139,251981.0,12471.2154957505,0.5252586234153435,0.049492681971063296,1126
IO,long,41,false,140,253304.0,12716.104684302572,0.5278582268286663,0.05020096281267794,1134
IO,long,41,false,141,254710.0,12895.644123857131,0.5259234960790021,0.05062873119962754,1142
IO,long,41,false,142,256189.0,13248.103137362961,0.5294370434145771,0.05171222471442162,1150
IO,long,41,false,143,257330.0,13366.22389378164,0.5306584045490567,0.0519419573846098,1158
IO,long,41,false,144,258527.0,13392.361945194702,0.5270715866501909,0.05180256586427995,1166
IO,long,41,false,145,259616.0,13564.953975021623,0.5315004300220054,0.05225006923695621,1174
IO,long,41,false,146,260677.0,13650.731286479517,0.5330859251954355,0.052366458438909136,1182
IO,long,41,false,147,262073.0,13959.32912537691,0.5363403052744039,0.05326504113501547,1190
IO,long,41,false,148,263298.0,14155.046170565869,0.5387062783744051,0.05376055332955765,1198
IO,long,41,false,149,264609.0,14384.105191882176,0.5405323058841147,0.05435984865171697,1206
IO,long,41,false,150,265929.0,14682.943803489548,0.5447206011311277,0.05521377436642694,1214
IO,long,41,false,151,267183.0,14823.671083128653,0.544327510121127,0.05548134081557828,1222
IO,long,41,false,152,268415.0,14998.87317406709,0.5456318226951541,0.055879414988234975,1230
IO,long,41,false,153,269673.0,15165.14341046728,0.5460784059078636,0.05623530501929107,1238
IO,long,41,false,154,270947.0,15349.759726999733,0.5468580899568825,0.05665225939759338,1246
IO,long,41,false,155,272042.0,15458.317796011828,0.5484006597137728,0.05682327653822508,1254
IO,long,41,false,156,273344.0,15679.194203450439,0.5498770499912478,0.057360667157319856,1262
IO,long,41,false,157,274457.0,15798.595927714294,0.551415166232044,0.05756310069597166,1270
IO,long,41,false,158,275652.0,15918.785360809154,0.5513954056393887,0.057749573232950074,1278
IO,long,41,false,159,276898.0,16072.693030317902,0.5515680518297152,0.058045536733085476,1286
IO,long,41,false,160,278073.0,16179.94981712966,0.5514826618879192,0.05818597928288492,1294
IO,long,41,false,161,279388.0,16463.42696947614,0.5547350552421368,0.05892675050279947,1302
IO,long,41,false,162,280660.0,16642.24959010682,0.5552228461368793,0.05929683456889767,1310
IO,long,41,false,163,281966.0,16890.178101309913,0.5573580418858868,0.05990147074934536,1318
IO,long,41,false,164,283349.0,17137.90546502896,0.5580380145559884,0.06048338079551705,1326
IO,long,41,false,165,284779.0,17493.249859773878,0.5613107607820914,0.061427457290649516,1334
IO,long,41,false,166,286263.0,17776.903862898263,0.5612636587281995,0.06209990066092461,1342
IO,long,41,false,167,287413.0,17849.806528935267,0.5604862790509394,0.06210507711528451,1350
IO,long,41,false,168,288634.0,18023.5966274405,0.5616227292608905,0.06244446817575372,1358
IO,long,41,false,169,289840.0,18180.650813843855,0.5624853293064741,0.06272650708612978,1366
IO,long,41,false,170,290961.0,18263.702602134825,0.5625312656585094,0.06277027712351423,1374
IO,long,41,false,171,292006.0,18327.362391941184,0.5632948854174202,0.06276365003438691,1382
IO,long,41,false,172,293271.0,18479.6619724072,0.5629752314518568,0.06301223773372479,1390
IO,long,41,false,173,294644.0,18746.558620037235,0.5642814586730851,0.0636244370156434,1398
IO,long,41,false,174,295928.0,18940.466680903468,0.5648812013392027,0.06400363156208087,1406
IO,long,41,false,175,297122.0,19046.179355043703,0.564364683982568,0.06410221846596248,1414
IO,long,41,false,176,298533.0,19333.93620371248,0.5656009186938677,0.06476314579531402,1422
IO,long,41,false,177,299993.0,19685.810992484272,0.5678544723363508,0.06562090112930725,1430
IO,long,41,false,178,301377.0,20009.622433612385,0.5704810387344942,0.06639399301742464,1438
IO,long,41,false,179,302709.0,20279.88482582826,0.5723768684436866,0.06699465435724825,1446
IO,long,41,false,180,304073.0,20556.382258500656,0.5738960400485958,0.06760344475997757,1454
IO,long,41,false,181,305629.0,20970.11831040173,0.5761179788016629,0.06861298603994297,1462
IO,long,41,false,182,306859.0,21161.860363507345,0.5773568429189246,0.06896281472437617,1470
IO,long,41,false,183,308161.0,21348.233473887783,0.5773069437758669,0.06927623376704964,1478
IO,long,41,false,184,309328.0,21572.669470329576,0.5803785168235022,0.06974043562280031,1486
IO,long,41,false,185,310607.0,21728.489069109324,0.579843862757434,0.06995492396858193,1494
IO,long,41,false,186,311937.0,21880.25802406828,0.5784296408403595,0.07014319565831652,1502
IO,long,41,false,187,313228.0,22069.628932499938,0.5786175064889082,0.07045867206156518,1510
IO,long,41,false,188,314462.0,22187.886117046815,0.5778095342980941,0.07055824270355977,1518
IO,long,41,false,189,315696.0,22322.11426402129,0.5774254815050258,0.07070762462629013,1526
IO,long,41,false,190,316953.0,22444.142478586957,0.5763923695674505,0.07081221026015515,1534
IO,long,41,false,191,318376.0,22671.963740095445,0.5756350921671519,0.07121128395386413,1542
IO,long,41,false,192,319717.0,22936.709107680308,0.577009612530007,0.07174066160911152,1550
IO,long,41,false,193,320988.0,23110.196971312485,0.5770912693230906,0.07199707456762398,1558
IO,long,41,false,194,322193.0,23227.53899169405,0.5767235007248678,0.07209200383526039,1566
IO,long,41,false,195,323576.0,23479.054680049907,0.577136194878568,0.07256117474735428,1574
IO,long,41,false,196,324909.0,23733.39211464021,0.5783131195847904,0.07304627484815814,1582
IO,long,41,false,197,326186.0,23974.66440091197,0.5799386647535552,0.07349997976894156,1590
IO,long,41,false,198,327480.0,24111.246182403822,0.5787902967594177,0.0736266220300593,1598
IO,long,41,false,199,328901.0,24322.09698061521,0.5776808536354942,0.07394959875651096,1606
IO,long,41,false,200,330231.0,24586.0670527163,0.5790815896722872,0.07445111771068222,1614
IO,long,41,false,201,331589.0,24868.893444544155,0.5805199338113438,0.0749991508902411,1622
IO,long,41,false,202,332789.0,25020.010113497592,0.5810094539046883,0.07518280385919485,1630
IO,long,41,false,203,334094.0,25239.739650376407,0.5816680413527011,0.07554682110536677,1638
IO,long,41,false,204,335444.0,25427.77704795582,0.5809938547721021,0.0758033443673335,1646
IO,long,41,false,205,336756.0,25589.29914136804,0.5802299020762786,0.07598765617054497,1654
IO,long,41,false,206,337972.0,25683.87476522761,0.579222289595138,0.07599409053184172,1662
IO,long,41,false,207,339488.0,26072.971317490774,0.5809226709480587,0.07680086282133912,1670
IO,long,41,false,208,340988.0,26401.159304765046,0.5814464895556765,0.07742547920972306,1678
IO,long,41,false,209,342389.0,26731.5924745099,0.5832644383607144,0.07807374791395139,1686
IO,long,41,false,210,343665.0,26911.34593920782,0.5833679291410943,0.07830691498758331,1694
IO,long,41,false,211,344950.0,27039.223991003724,0.5822399653532241,0.07838592257139795,1702
IO,long,41,false,212,346301.0,27253.897603248523,0.5821616491135004,0.07870002570956632,1710
IO,long,41,false,213,347591.0,27515.221661576445,0.5838278270613941,0.07915976438278449,1718
IO,long,41,false,214,348770.0,27599.88402034176,0.583112566980938,0.07913491418511272,1726
IO,long,41,false,215,350237.0,27842.840361035407,0.5822060590309142,0.07949714153854506,1734
IO,long,41,false,216,351614.0,28074.207597716926,0.5821625663096576,0.07984382759991618,1742
IO,long,41,false,217,353005.0,28291.381816666635,0.5816604333285355,0.08014442236417794,1750
IO,long,41,false,218,354384.0,28570.74272595102,0.582577030421904,0.08062085964928162,1758
IO,long,41,false,219,355784.0,28909.62123729728,0.5844341818076513,0.08125610268392418,1766
IO,long,41,false,220,357271.0,29234.229041484523,0.5849536595130664,0.08182648197442424,1774
IO,long,41,false,221,358735.0,29682.09493997652,0.5881719001283369,0.08274100642529031,1782
IO,long,41,false,222,360130.0,29906.9612496621,0.5877478431267609,0.08304490392264488,1790
IO,long,41,false,223,361529.0,30181.340428313517,0.5882499547491281,0.08348248806683148,1798
IO,long,41,false,224,362770.0,30381.15808089538,0.5891018009946363,0.08374771365023398,1806
IO,long,41,false,225,363919.0,30526.964388151213,0.5899500316581546,0.08388395326474081,1814
IO,long,41,false,226,365296.0,30790.000761982134,0.5904575760745241,0.08428781251911363,1822
IO,long,41,false,227,366513.0,30949.756271282036,0.5907907738805818,0.08444381582994884,1830
IO,long,41,false,228,367935.0,31260.200325415266,0.591679448931828,0.08496120327072788,1838
IO,long,41,false,229,369343.0,31525.496281241354,0.5918613776634066,0.08535560788005013,1846
IO,long,41,false,230,370579.0,31683.534773109048,0.5919389962280999,0.08549738321143142,1854
IO,long,41,false,231,371816.0,31857.623941445956,0.5923032748567649,0.08568115396176054,1862
IO,long,41,false,232,373141.0,32071.675928615845,0.5924388275351592,0.08595055469277256,1870
IO,long,41,false,233,374468.0,32262.038143350084,0.5921161058501282,0.08615432598606579,1878
IO,long,41,false,234,375850.0,32508.81712759777,0.5922323312613453,0.08649412565544172,1886
IO,long,41,false,235,377054.0,32591.471951480675,0.5912821471603896,0.08643714680518089,1894
IO,long,41,false,236,378194.0,32703.374493485597,0.5915522482722957,0.08647248368161736,1902
IO,long,41,false,237,379410.0,32820.365810678915,0.5911023307160672,0.08650369207632617,1910
IO,long,41,false,238,380926.0,33202.405725348086,0.59222327563763,0.087162351021847,1918
IO,long,41,false,239,382119.0,33303.401890924986,0.5917343666765869,0.0871545301095339,1926
IO,long,41,false,240,383285.0,33455.21552983215,0.592431788525653,0.08728548085584396,1934
IO,long,41,false,241,384655.0,33763.1641199697,0.5937424447370033,0.08777518586777683,1942
IO,long,41,false,242,385981.0,34067.183366527104,0.595423986131733,0.08826129619470156,1950
IO,long,41,false,243,387279.0,34248.51085700391,0.5952432496828807,0.08843368955456896,1958
IO,long,41,false,244,388612.0,34466.78038024914,0.5953428745681615,0.08869201254786044,1966
IO,long,41,false,245,389938.0,34709.685448595854,0.5959358122484008,0.08901334429728791,1974
IO,long,41,false,246,391285.0,34946.125532134,0.596197654732304,0.08931118119052353,1982
IO,long,41,false,247,392615.0,35094.06434184155,0.5951273438898667,0.08938543953196273,1990
IO,long,41,false,248,393976.0,35333.19888497644,0.5952960017012575,0.0896836327212227,1998
IO,long,41,false,249,395402.0,35686.007322590274,0.5967160611763473,0.09025247045434842,2006
IO,long,41,false,250,396859.0,36049.51103705272,0.5979847563581773,0.09083707572980006,2014
IO,long,41,false,251,398194.0,36291.62951665058,0.5984372652966589,0.09114057348089268,2022
IO,long,41,false,252,399503.0,36509.756741328834,0.5987463591408044,0.0913879413704749,2030
IO,long,41,false,253,400789.0,36745.43244760677,0.5995632425735763,0.09168273692044135,2038
IO,long,41,false,254,402117.0,36955.645855944415,0.5995497307864244,0.09190271949692357,2046
IO,long,41,false,255,403439.0,37228.785917249654,0.6006095977615497,0.09227859953363372,2054
IO,long,41,false,256,404889.0,37614.205784198864,0.6022223504090501,0.09290004367665919,2062
IO,long,41,false,257,406373.0,37995.18408126548,0.6034142341427331,0.09349829856133522,2070
IO,long,41,false,258,407789.0,38342.34559453493,0.604702092742677,0.09402496289633837,2078
IO,long,41,false,259,409052.0,38491.044239919705,0.6043119326768566,0.09409816903454746,2086
IO,long,41,false,260,410615.0,39003.7506782393,0.606769506980901,0.09498861629078163,2094
IO,long,41,false,261,411955.0,39285.27855223999,0.6077079209875472,0.09536303371057517,2102
IO,long,41,false,262,413254.0,39493.788857649546,0.6078960235446612,0.09556783202981592,2110
IO,long,41,false,263,414500.0,39676.3153258779,0.6081779840871563,0.09572090549065838,2118
IO,long,41,false,264,415759.0,39875.514625250464,0.6085913619335857,0.09591016580579245,2126
IO,long,41,false,265,417222.0,40142.8213987138,0.6081508513924646,0.09621453662250265,2134
IO,long,41,false,266,418560.0,40373.313833257336,0.608306672190106,0.0964576496398541,2142
IO,long,41,false,267,419849.0,40614.62908747608,0.6090702141096843,0.09673627682208623,2150
IO,long,41,false,268,421282.0,40871.42473566273,0.6087492513503534,0.09701678385419442,2158
IO,long,41,false,269,422649.0,41138.31244693536,0.6091767106504473,0.09733446062083516,2166
IO,long,41,false,270,424114.0,41551.8462060754,0.6108768921798795,0.09797329540188582,2174
IO,long,41,false,271,425450.0,41861.66153978761,0.6121915990024511,0.09839384543374688,2182
IO,long,41,false,272,426844.0,42128.89207185406,0.6123563486126641,0.09869856920058397,2190
IO,long,41,false,273,428205.0,42415.03940844914,0.6130847087933328,0.09905311570030509,2198
IO,long,41,false,274,429490.0,42715.62103648048,0.6146840073171081,0.09945661374299862,2206
IO,long,41,false,275,430942.0,43069.014778241726,0.6155530353624761,0.09994155774615082,2214
IO,long,41,false,276,432247.0,43246.75331693299,0.6152005536073089,0.1000510201734957,2222
IO,long,41,false,277,433655.0,43438.258890029596,0.6141506155894979,0.10016778058601791,2230
IO,long,41,false,278,435063.0,43766.137754614225,0.6150298303089364,0.10059724167445686,2238
IO,long,41,false,279,436337.0,43989.472032274774,0.6155903669555238,0.1008153606782711,2246
IO,long,41,false,280,437607.0,44176.52421566403,0.6156749434262544,0.10095022295270421,2254
IO,long,41,false,281,438839.0,44368.830528940234,0.6161567377541729,0.1011050306124575,2262
IO,long,41,false,282,440209.0,44612.20738129581,0.6161651779801364,0.10134324237190928,2270
IO,long,41,false,283,441572.0,44835.57415876972,0.6159578810107119,0.10153627077525232,2278
IO,long,41,false,284,442972.0,45122.79905245022,0.616313806819054,0.10186377254645941,2286
IO,long,41,false,285,444210.0,45310.41162340299,0.6166695468371032,0.10200223233021093,2294
IO,long,41,false,286,445413.0,45480.80856326997,0.6170821888290839,0.10210929758060491,2302
IO,long,41,false,287,446695.0,45698.75486299961,0.6174756430028727,0.10230415577295382,2310
IO,long,41,false,288,447935.0,45864.04122184444,0.6175062434780396,0.10238994769742137,2318
IO,long,41,false,289,449084.0,45981.0532995338,0.6176430338706418,0.10238853599668168,2326
IO,long,41,false,290,450402.0,46250.33840681454,0.6184192438200585,0.10268679625493346,2334
IO,long,41,false,291,451765.0,46542.85183597578,0.6191267287791923,0.1030244747511998,2342
IO,long,41,false,292,453032.0,46729.86464482979,0.619217457462033,0.10314914762054289,2350
IO,long,41,false,293,454392.0,46951.961295311026,0.6190106960489259,0.10332919878719482,2358
IO,long,41,false,294,455665.0,47107.84447998337,0.6186434722311236,0.10338262644702438,2366
IO,long,41,false,295,457142.0,47512.67973534398,0.619881532921198,0.10393418179765583,2374
IO,long,41,false,296,458516.0,47805.77823262031,0.6204835842564222,0.10426196301245826,2382
IO,long,41,false,297,459874.0,48103.857837395735,0.6212721216794407,0.10460225591661136,2390
IO,long,41,false,298,461123.0,48293.752392106835,0.6215332156871448,0.1047307386361271,2398
IO,long,41,false,299,462461.0,48569.09236388478,0.6221781428318766,0.10502310976252004,2406
IO,long,41,false,300,463775.0,48810.15368468489,0.6225705499251909,0.10524533164721016,2414
IO,long,41,false,301,465087.0,49032.29299799583,0.6227350927517664,0.10542606651657825,2422
IO,long,41,false,302,466429.0,49285.7034334595,0.6230573231541092,0.1056660358456689,2430
IO,long,41,false,303,467748.0,49558.50775040974,0.6238011699822489,0.10595129802887397,2438
IO,long,41,false,304,469196.0,49927.62400625829,0.6247356541237054,0.10641101801008168,2446
IO,long,41,false,305,470433.0,50077.03005543022,0.62456541058669,0.10644880366689884,2454
IO,long,41,false,306,471721.0,50262.00124158265,0.6244424996780094,0.10655027281291833,2462
IO,long,41,false,307,473017.0,50463.05608357089,0.6244577604975918,0.10668338787732976,2470
IO,long,41,false,308,474391.0,50770.329982410076,0.6251810757725138,0.10702211884797577,2478
IO,long,41,false,309,475664.0,51013.12553768758,0.6258818435168892,0.10724613495595121,2486
IO,long,41,false,310,476934.0,51211.1718315149,0.6260534453730427,0.10737580426540129,2494
IO,long,41,false,311,478244.0,51453.07683921985,0.6264528312175208,0.10758750102295031,2502
IO,long,41,false,312,479565.0,51641.992811243574,0.6261229259719877,0.10768507462230058,2510
IO,long,41,false,313,480868.0,51830.16490411535,0.625922818444501,0.1077845997323909,2518
IO,long,41,false,314,482265.0,51999.45466400867,0.624790688887124,0.10782340552187837,2526
IO,long,41,false,315,483653.0,52342.32666470462,0.6258124399467309,0.10822289257940014,2534
IO,long,41,false,316,484958.0,52550.077607627354,0.625834575167056,0.10836005923735118,2542
IO,long,41,false,317,486310.0,52843.00045441137,0.6265176000001348,0.10866114300427993,2550
IO,long,41,false,318,487611.0,53059.801604131535,0.626673299603533,0.10881584214493015,2558
IO,long,41,false,319,488896.0,53252.54373098054,0.6266627095363569,0.10892407328139429,2566
IO,long,41,false,320,490180.0,53490.796090864445,0.6271931628973624,0.10912480331891233,2574
IO,long,41,false,321,491535.0,53730.4611979377,0.6272160298597759,0.10931156722906345,2582
IO,long,41,false,322,492942.0,54007.46162627316,0.6272935052298964,0.10956149329185413,2590
IO,long,41,false,323,494358.0,54343.919278677946,0.6279920412161175,0.10992826914640391,2598
IO,long,41,false,324,495808.0,54689.70170544361,0.6285450144287278,0.11030419377146719,2606
IO,long,41,false,325,497152.0,54996.16841713085,0.629405209745369,0.11062244226540545,2614
IO,long,41,false,326,498607.0,55355.08665831446,0.6300589214099555,0.11101947356999492,2622
IO,long,41,false,327,499962.0,55653.89741393359,0.6307391247782491,0.11131625486323679,2630
IO,long,41,false,328,501258.0,55901.27606513371,0.6312533997146857,0.11152196287168227,2638
